hora,irradiancia_wm2,pv_kw,demanda_kw,entregue_kw,solar_kw,bateria_kw,rede_kw,solar_p_bateria_kw,curtailment_kw,soc_bateria_%,rede_ok,tarifa_rs_kwh,modo,cp01_kw,cp02_kw,cp03_kw
00:00,0.0,0.0,0.0,0.0,0.0,0.0,0.0,0.0,0.0,55.0,1,0.75,OCIOSO,0.0,0.0,0.0
00:01,0.0,0.0,0.0,0.0,0.0,0.0,0.0,0.0,0.0,55.0,1,0.75,OCIOSO,0.0,0.0,0.0
00:02,0.0,0.0,0.0,0.0,0.0,0.0,0.0,0.0,0.0,55.0,1,0.75,OCIOSO,0.0,0.0,0.0
00:03,0.0,0.0,0.0,0.0,0.0,0.0,0.0,0.0,0.0,55.0,1,0.75,OCIOSO,0.0,0.0,0.0
00:04,0.0,0.0,0.0,0.0,0.0,0.0,0.0,0.0,0.0,55.0,1,0.75,OCIOSO,0.0,0.0,0.0
00:05,0.0,0.0,0.0,0.0,0.0,0.0,0.0,0.0,0.0,55.0,1,0.75,OCIOSO,0.0,0.0,0.0
00:06,0.0,0.0,0.0,0.0,0.0,0.0,0.0,0.0,0.0,55.0,1,0.75,OCIOSO,0.0,0.0,0.0
00:07,0.0,0.0,0.0,0.0,0.0,0.0,0.0,0.0,0.0,55.0,1,0.75,OCIOSO,0.0,0.0,0.0
00:08,0.0,0.0,0.0,0.0,0.0,0.0,0.0,0.0,0.0,55.0,1,0.75,OCIOSO,0.0,0.0,0.0
00:09,0.0,0.0,0.0,0.0,0.0,0.0,0.0,0.0,0.0,55.0,1,0.75,OCIOSO,0.0,0.0,0.0
00:10,0.0,0.0,0.0,0.0,0.0,0.0,0.0,0.0,0.0,55.0,1,0.75,OCIOSO,0.0,0.0,0.0
00:11,0.0,0.0,0.0,0.0,0.0,0.0,0.0,0.0,0.0,55.0,1,0.75,OCIOSO,0.0,0.0,0.0
00:12,0.0,0.0,0.0,0.0,0.0,0.0,0.0,0.0,0.0,55.0,1,0.75,OCIOSO,0.0,0.0,0.0
00:13,0.0,0.0,0.0,0.0,0.0,0.0,0.0,0.0,0.0,55.0,1,0.75,OCIOSO,0.0,0.0,0.0
00:14,0.0,0.0,0.0,0.0,0.0,0.0,0.0,0.0,0.0,55.0,1,0.75,OCIOSO,0.0,0.0,0.0
00:15,0.0,0.0,0.0,0.0,0.0,0.0,0.0,0.0,0.0,55.0,1,0.75,OCIOSO,0.0,0.0,0.0
00:16,0.0,0.0,0.0,0.0,0.0,0.0,0.0,0.0,0.0,55.0,1,0.75,OCIOSO,0.0,0.0,0.0
00:17,0.0,0.0,0.0,0.0,0.0,0.0,0.0,0.0,0.0,55.0,1,0.75,OCIOSO,0.0,0.0,0.0
00:18,0.0,0.0,0.0,0.0,0.0,0.0,0.0,0.0,0.0,55.0,1,0.75,OCIOSO,0.0,0.0,0.0
00:19,0.0,0.0,0.0,0.0,0.0,0.0,0.0,0.0,0.0,55.0,1,0.75,OCIOSO,0.0,0.0,0.0
00:20,0.0,0.0,0.0,0.0,0.0,0.0,0.0,0.0,0.0,55.0,1,0.75,OCIOSO,0.0,0.0,0.0
00:21,0.0,0.0,0.0,0.0,0.0,0.0,0.0,0.0,0.0,55.0,1,0.75,OCIOSO,0.0,0.0,0.0
00:22,0.0,0.0,0.0,0.0,0.0,0.0,0.0,0.0,0.0,55.0,1,0.75,OCIOSO,0.0,0.0,0.0
00:23,0.0,0.0,0.0,0.0,0.0,0.0,0.0,0.0,0.0,55.0,1,0.75,OCIOSO,0.0,0.0,0.0
00:24,0.0,0.0,0.0,0.0,0.0,0.0,0.0,0.0,0.0,55.0,1,0.75,OCIOSO,0.0,0.0,0.0
00:25,0.0,0.0,0.0,0.0,0.0,0.0,0.0,0.0,0.0,55.0,1,0.75,OCIOSO,0.0,0.0,0.0
00:26,0.0,0.0,0.0,0.0,0.0,0.0,0.0,0.0,0.0,55.0,1,0.75,OCIOSO,0.0,0.0,0.0
00:27,0.0,0.0,0.0,0.0,0.0,0.0,0.0,0.0,0.0,55.0,1,0.75,OCIOSO,0.0,0.0,0.0
00:28,0.0,0.0,0.0,0.0,0.0,0.0,0.0,0.0,0.0,55.0,1,0.75,OCIOSO,0.0,0.0,0.0
00:29,0.0,0.0,0.0,0.0,0.0,0.0,0.0,0.0,0.0,55.0,1,0.75,OCIOSO,0.0,0.0,0.0
00:30,0.0,0.0,0.0,0.0,0.0,0.0,0.0,0.0,0.0,55.0,1,0.75,OCIOSO,0.0,0.0,0.0
00:31,0.0,0.0,0.0,0.0,0.0,0.0,0.0,0.0,0.0,55.0,1,0.75,OCIOSO,0.0,0.0,0.0
00:32,0.0,0.0,0.0,0.0,0.0,0.0,0.0,0.0,0.0,55.0,1,0.75,OCIOSO,0.0,0.0,0.0
00:33,0.0,0.0,0.0,0.0,0.0,0.0,0.0,0.0,0.0,55.0,1,0.75,OCIOSO,0.0,0.0,0.0
00:34,0.0,0.0,0.0,0.0,0.0,0.0,0.0,0.0,0.0,55.0,1,0.75,OCIOSO,0.0,0.0,0.0
00:35,0.0,0.0,0.0,0.0,0.0,0.0,0.0,0.0,0.0,55.0,1,0.75,OCIOSO,0.0,0.0,0.0
00:36,0.0,0.0,0.0,0.0,0.0,0.0,0.0,0.0,0.0,55.0,1,0.75,OCIOSO,0.0,0.0,0.0
00:37,0.0,0.0,0.0,0.0,0.0,0.0,0.0,0.0,0.0,55.0,1,0.75,OCIOSO,0.0,0.0,0.0
00:38,0.0,0.0,0.0,0.0,0.0,0.0,0.0,0.0,0.0,55.0,1,0.75,OCIOSO,0.0,0.0,0.0
00:39,0.0,0.0,0.0,0.0,0.0,0.0,0.0,0.0,0.0,55.0,1,0.75,OCIOSO,0.0,0.0,0.0
00:40,0.0,0.0,0.0,0.0,0.0,0.0,0.0,0.0,0.0,55.0,1,0.75,OCIOSO,0.0,0.0,0.0
00:41,0.0,0.0,0.0,0.0,0.0,0.0,0.0,0.0,0.0,55.0,1,0.75,OCIOSO,0.0,0.0,0.0
00:42,0.0,0.0,0.0,0.0,0.0,0.0,0.0,0.0,0.0,55.0,1,0.75,OCIOSO,0.0,0.0,0.0
00:43,0.0,0.0,0.0,0.0,0.0,0.0,0.0,0.0,0.0,55.0,1,0.75,OCIOSO,0.0,0.0,0.0
00:44,0.0,0.0,0.0,0.0,0.0,0.0,0.0,0.0,0.0,55.0,1,0.75,OCIOSO,0.0,0.0,0.0
00:45,0.0,0.0,0.0,0.0,0.0,0.0,0.0,0.0,0.0,55.0,1,0.75,OCIOSO,0.0,0.0,0.0
00:46,0.0,0.0,0.0,0.0,0.0,0.0,0.0,0.0,0.0,55.0,1,0.75,OCIOSO,0.0,0.0,0.0
00:47,0.0,0.0,0.0,0.0,0.0,0.0,0.0,0.0,0.0,55.0,1,0.75,OCIOSO,0.0,0.0,0.0
00:48,0.0,0.0,0.0,0.0,0.0,0.0,0.0,0.0,0.0,55.0,1,0.75,OCIOSO,0.0,0.0,0.0
00:49,0.0,0.0,0.0,0.0,0.0,0.0,0.0,0.0,0.0,55.0,1,0.75,OCIOSO,0.0,0.0,0.0
00:50,0.0,0.0,0.0,0.0,0.0,0.0,0.0,0.0,0.0,55.0,1,0.75,OCIOSO,0.0,0.0,0.0
00:51,0.0,0.0,0.0,0.0,0.0,0.0,0.0,0.0,0.0,55.0,1,0.75,OCIOSO,0.0,0.0,0.0
00:52,0.0,0.0,0.0,0.0,0.0,0.0,0.0,0.0,0.0,55.0,1,0.75,OCIOSO,0.0,0.0,0.0
00:53,0.0,0.0,0.0,0.0,0.0,0.0,0.0,0.0,0.0,55.0,1,0.75,OCIOSO,0.0,0.0,0.0
00:54,0.0,0.0,0.0,0.0,0.0,0.0,0.0,0.0,0.0,55.0,1,0.75,OCIOSO,0.0,0.0,0.0
00:55,0.0,0.0,0.0,0.0,0.0,0.0,0.0,0.0,0.0,55.0,1,0.75,OCIOSO,0.0,0.0,0.0
00:56,0.0,0.0,0.0,0.0,0.0,0.0,0.0,0.0,0.0,55.0,1,0.75,OCIOSO,0.0,0.0,0.0
00:57,0.0,0.0,0.0,0.0,0.0,0.0,0.0,0.0,0.0,55.0,1,0.75,OCIOSO,0.0,0.0,0.0
00:58,0.0,0.0,0.0,0.0,0.0,0.0,0.0,0.0,0.0,55.0,1,0.75,OCIOSO,0.0,0.0,0.0
00:59,0.0,0.0,0.0,0.0,0.0,0.0,0.0,0.0,0.0,55.0,1,0.75,OCIOSO,0.0,0.0,0.0
01:00,0.0,0.0,0.0,0.0,0.0,0.0,0.0,0.0,0.0,55.0,1,0.75,OCIOSO,0.0,0.0,0.0
01:01,0.0,0.0,0.0,0.0,0.0,0.0,0.0,0.0,0.0,55.0,1,0.75,OCIOSO,0.0,0.0,0.0
01:02,0.0,0.0,0.0,0.0,0.0,0.0,0.0,0.0,0.0,55.0,1,0.75,OCIOSO,0.0,0.0,0.0
01:03,0.0,0.0,0.0,0.0,0.0,0.0,0.0,0.0,0.0,55.0,1,0.75,OCIOSO,0.0,0.0,0.0
01:04,0.0,0.0,0.0,0.0,0.0,0.0,0.0,0.0,0.0,55.0,1,0.75,OCIOSO,0.0,0.0,0.0
01:05,0.0,0.0,0.0,0.0,0.0,0.0,0.0,0.0,0.0,55.0,1,0.75,OCIOSO,0.0,0.0,0.0
01:06,0.0,0.0,0.0,0.0,0.0,0.0,0.0,0.0,0.0,55.0,1,0.75,OCIOSO,0.0,0.0,0.0
01:07,0.0,0.0,0.0,0.0,0.0,0.0,0.0,0.0,0.0,55.0,1,0.75,OCIOSO,0.0,0.0,0.0
01:08,0.0,0.0,0.0,0.0,0.0,0.0,0.0,0.0,0.0,55.0,1,0.75,OCIOSO,0.0,0.0,0.0
01:09,0.0,0.0,0.0,0.0,0.0,0.0,0.0,0.0,0.0,55.0,1,0.75,OCIOSO,0.0,0.0,0.0
01:10,0.0,0.0,0.0,0.0,0.0,0.0,0.0,0.0,0.0,55.0,1,0.75,OCIOSO,0.0,0.0,0.0
01:11,0.0,0.0,0.0,0.0,0.0,0.0,0.0,0.0,0.0,55.0,1,0.75,OCIOSO,0.0,0.0,0.0
01:12,0.0,0.0,0.0,0.0,0.0,0.0,0.0,0.0,0.0,55.0,1,0.75,OCIOSO,0.0,0.0,0.0
01:13,0.0,0.0,0.0,0.0,0.0,0.0,0.0,0.0,0.0,55.0,1,0.75,OCIOSO,0.0,0.0,0.0
01:14,0.0,0.0,0.0,0.0,0.0,0.0,0.0,0.0,0.0,55.0,1,0.75,OCIOSO,0.0,0.0,0.0
01:15,0.0,0.0,0.0,0.0,0.0,0.0,0.0,0.0,0.0,55.0,1,0.75,OCIOSO,0.0,0.0,0.0
01:16,0.0,0.0,0.0,0.0,0.0,0.0,0.0,0.0,0.0,55.0,1,0.75,OCIOSO,0.0,0.0,0.0
01:17,0.0,0.0,0.0,0.0,0.0,0.0,0.0,0.0,0.0,55.0,1,0.75,OCIOSO,0.0,0.0,0.0
01:18,0.0,0.0,0.0,0.0,0.0,0.0,0.0,0.0,0.0,55.0,1,0.75,OCIOSO,0.0,0.0,0.0
01:19,0.0,0.0,0.0,0.0,0.0,0.0,0.0,0.0,0.0,55.0,1,0.75,OCIOSO,0.0,0.0,0.0
01:20,0.0,0.0,0.0,0.0,0.0,0.0,0.0,0.0,0.0,55.0,1,0.75,OCIOSO,0.0,0.0,0.0
01:21,0.0,0.0,0.0,0.0,0.0,0.0,0.0,0.0,0.0,55.0,1,0.75,OCIOSO,0.0,0.0,0.0
01:22,0.0,0.0,0.0,0.0,0.0,0.0,0.0,0.0,0.0,55.0,1,0.75,OCIOSO,0.0,0.0,0.0
01:23,0.0,0.0,0.0,0.0,0.0,0.0,0.0,0.0,0.0,55.0,1,0.75,OCIOSO,0.0,0.0,0.0
01:24,0.0,0.0,0.0,0.0,0.0,0.0,0.0,0.0,0.0,55.0,1,0.75,OCIOSO,0.0,0.0,0.0
01:25,0.0,0.0,0.0,0.0,0.0,0.0,0.0,0.0,0.0,55.0,1,0.75,OCIOSO,0.0,0.0,0.0
01:26,0.0,0.0,0.0,0.0,0.0,0.0,0.0,0.0,0.0,55.0,1,0.75,OCIOSO,0.0,0.0,0.0
01:27,0.0,0.0,0.0,0.0,0.0,0.0,0.0,0.0,0.0,55.0,1,0.75,OCIOSO,0.0,0.0,0.0
01:28,0.0,0.0,0.0,0.0,0.0,0.0,0.0,0.0,0.0,55.0,1,0.75,OCIOSO,0.0,0.0,0.0
01:29,0.0,0.0,0.0,0.0,0.0,0.0,0.0,0.0,0.0,55.0,1,0.75,OCIOSO,0.0,0.0,0.0
01:30,0.0,0.0,0.0,0.0,0.0,0.0,0.0,0.0,0.0,55.0,1,0.75,OCIOSO,0.0,0.0,0.0
01:31,0.0,0.0,0.0,0.0,0.0,0.0,0.0,0.0,0.0,55.0,1,0.75,OCIOSO,0.0,0.0,0.0
01:32,0.0,0.0,0.0,0.0,0.0,0.0,0.0,0.0,0.0,55.0,1,0.75,OCIOSO,0.0,0.0,0.0
01:33,0.0,0.0,0.0,0.0,0.0,0.0,0.0,0.0,0.0,55.0,1,0.75,OCIOSO,0.0,0.0,0.0
01:34,0.0,0.0,0.0,0.0,0.0,0.0,0.0,0.0,0.0,55.0,1,0.75,OCIOSO,0.0,0.0,0.0
01:35,0.0,0.0,0.0,0.0,0.0,0.0,0.0,0.0,0.0,55.0,1,0.75,OCIOSO,0.0,0.0,0.0
01:36,0.0,0.0,0.0,0.0,0.0,0.0,0.0,0.0,0.0,55.0,1,0.75,OCIOSO,0.0,0.0,0.0
01:37,0.0,0.0,0.0,0.0,0.0,0.0,0.0,0.0,0.0,55.0,1,0.75,OCIOSO,0.0,0.0,0.0
01:38,0.0,0.0,0.0,0.0,0.0,0.0,0.0,0.0,0.0,55.0,1,0.75,OCIOSO,0.0,0.0,0.0
01:39,0.0,0.0,0.0,0.0,0.0,0.0,0.0,0.0,0.0,55.0,1,0.75,OCIOSO,0.0,0.0,0.0
01:40,0.0,0.0,0.0,0.0,0.0,0.0,0.0,0.0,0.0,55.0,1,0.75,OCIOSO,0.0,0.0,0.0
01:41,0.0,0.0,0.0,0.0,0.0,0.0,0.0,0.0,0.0,55.0,1,0.75,OCIOSO,0.0,0.0,0.0
01:42,0.0,0.0,0.0,0.0,0.0,0.0,0.0,0.0,0.0,55.0,1,0.75,OCIOSO,0.0,0.0,0.0
01:43,0.0,0.0,0.0,0.0,0.0,0.0,0.0,0.0,0.0,55.0,1,0.75,OCIOSO,0.0,0.0,0.0
01:44,0.0,0.0,0.0,0.0,0.0,0.0,0.0,0.0,0.0,55.0,1,0.75,OCIOSO,0.0,0.0,0.0
01:45,0.0,0.0,0.0,0.0,0.0,0.0,0.0,0.0,0.0,55.0,1,0.75,OCIOSO,0.0,0.0,0.0
01:46,0.0,0.0,0.0,0.0,0.0,0.0,0.0,0.0,0.0,55.0,1,0.75,OCIOSO,0.0,0.0,0.0
01:47,0.0,0.0,0.0,0.0,0.0,0.0,0.0,0.0,0.0,55.0,1,0.75,OCIOSO,0.0,0.0,0.0
01:48,0.0,0.0,0.0,0.0,0.0,0.0,0.0,0.0,0.0,55.0,1,0.75,OCIOSO,0.0,0.0,0.0
01:49,0.0,0.0,0.0,0.0,0.0,0.0,0.0,0.0,0.0,55.0,1,0.75,OCIOSO,0.0,0.0,0.0
01:50,0.0,0.0,0.0,0.0,0.0,0.0,0.0,0.0,0.0,55.0,1,0.75,OCIOSO,0.0,0.0,0.0
01:51,0.0,0.0,0.0,0.0,0.0,0.0,0.0,0.0,0.0,55.0,1,0.75,OCIOSO,0.0,0.0,0.0
01:52,0.0,0.0,0.0,0.0,0.0,0.0,0.0,0.0,0.0,55.0,1,0.75,OCIOSO,0.0,0.0,0.0
01:53,0.0,0.0,0.0,0.0,0.0,0.0,0.0,0.0,0.0,55.0,1,0.75,OCIOSO,0.0,0.0,0.0
01:54,0.0,0.0,0.0,0.0,0.0,0.0,0.0,0.0,0.0,55.0,1,0.75,OCIOSO,0.0,0.0,0.0
01:55,0.0,0.0,0.0,0.0,0.0,0.0,0.0,0.0,0.0,55.0,1,0.75,OCIOSO,0.0,0.0,0.0
01:56,0.0,0.0,0.0,0.0,0.0,0.0,0.0,0.0,0.0,55.0,1,0.75,OCIOSO,0.0,0.0,0.0
01:57,0.0,0.0,0.0,0.0,0.0,0.0,0.0,0.0,0.0,55.0,1,0.75,OCIOSO,0.0,0.0,0.0
01:58,0.0,0.0,0.0,0.0,0.0,0.0,0.0,0.0,0.0,55.0,1,0.75,OCIOSO,0.0,0.0,0.0
01:59,0.0,0.0,0.0,0.0,0.0,0.0,0.0,0.0,0.0,55.0,1,0.75,OCIOSO,0.0,0.0,0.0
02:00,0.0,0.0,0.0,0.0,0.0,0.0,0.0,0.0,0.0,55.0,1,0.75,OCIOSO,0.0,0.0,0.0
02:01,0.0,0.0,0.0,0.0,0.0,0.0,0.0,0.0,0.0,55.0,1,0.75,OCIOSO,0.0,0.0,0.0
02:02,0.0,0.0,0.0,0.0,0.0,0.0,0.0,0.0,0.0,55.0,1,0.75,OCIOSO,0.0,0.0,0.0
02:03,0.0,0.0,0.0,0.0,0.0,0.0,0.0,0.0,0.0,55.0,1,0.75,OCIOSO,0.0,0.0,0.0
02:04,0.0,0.0,0.0,0.0,0.0,0.0,0.0,0.0,0.0,55.0,1,0.75,OCIOSO,0.0,0.0,0.0
02:05,0.0,0.0,0.0,0.0,0.0,0.0,0.0,0.0,0.0,55.0,1,0.75,OCIOSO,0.0,0.0,0.0
02:06,0.0,0.0,0.0,0.0,0.0,0.0,0.0,0.0,0.0,55.0,1,0.75,OCIOSO,0.0,0.0,0.0
02:07,0.0,0.0,0.0,0.0,0.0,0.0,0.0,0.0,0.0,55.0,1,0.75,OCIOSO,0.0,0.0,0.0
02:08,0.0,0.0,0.0,0.0,0.0,0.0,0.0,0.0,0.0,55.0,1,0.75,OCIOSO,0.0,0.0,0.0
02:09,0.0,0.0,0.0,0.0,0.0,0.0,0.0,0.0,0.0,55.0,1,0.75,OCIOSO,0.0,0.0,0.0
02:10,0.0,0.0,7.0,7.0,0.0,0.0,7.0,0.0,0.0,55.0,1,0.75,HIBRIDO,7.0,0.0,0.0
02:11,0.0,0.0,7.0,7.0,0.0,0.0,7.0,0.0,0.0,55.0,1,0.75,HIBRIDO,7.0,0.0,0.0
02:12,0.0,0.0,7.0,7.0,0.0,0.0,7.0,0.0,0.0,55.0,1,0.75,HIBRIDO,7.0,0.0,0.0
02:13,0.0,0.0,7.0,7.0,0.0,0.0,7.0,0.0,0.0,55.0,1,0.75,HIBRIDO,7.0,0.0,0.0
02:14,0.0,0.0,7.0,7.0,0.0,0.0,7.0,0.0,0.0,55.0,1,0.75,HIBRIDO,7.0,0.0,0.0
02:15,0.0,0.0,7.0,7.0,0.0,0.0,7.0,0.0,0.0,55.0,1,0.75,HIBRIDO,7.0,0.0,0.0
02:16,0.0,0.0,7.0,7.0,0.0,0.0,7.0,0.0,0.0,55.0,1,0.75,HIBRIDO,7.0,0.0,0.0
02:17,0.0,0.0,7.0,7.0,0.0,0.0,7.0,0.0,0.0,55.0,1,0.75,HIBRIDO,7.0,0.0,0.0
02:18,0.0,0.0,7.0,7.0,0.0,0.0,7.0,0.0,0.0,55.0,1,0.75,HIBRIDO,7.0,0.0,0.0
02:19,0.0,0.0,7.0,7.0,0.0,0.0,7.0,0.0,0.0,55.0,1,0.75,HIBRIDO,7.0,0.0,0.0
02:20,0.0,0.0,7.0,7.0,0.0,0.0,7.0,0.0,0.0,55.0,1,0.75,HIBRIDO,7.0,0.0,0.0
02:21,0.0,0.0,7.0,7.0,0.0,0.0,7.0,0.0,0.0,55.0,1,0.75,HIBRIDO,7.0,0.0,0.0
02:22,0.0,0.0,7.0,7.0,0.0,0.0,7.0,0.0,0.0,55.0,1,0.75,HIBRIDO,7.0,0.0,0.0
02:23,0.0,0.0,7.0,7.0,0.0,0.0,7.0,0.0,0.0,55.0,1,0.75,HIBRIDO,7.0,0.0,0.0
02:24,0.0,0.0,7.0,7.0,0.0,0.0,7.0,0.0,0.0,55.0,1,0.75,HIBRIDO,7.0,0.0,0.0
02:25,0.0,0.0,7.0,7.0,0.0,0.0,7.0,0.0,0.0,55.0,1,0.75,HIBRIDO,7.0,0.0,0.0
02:26,0.0,0.0,7.0,7.0,0.0,0.0,7.0,0.0,0.0,55.0,1,0.75,HIBRIDO,7.0,0.0,0.0
02:27,0.0,0.0,7.0,7.0,0.0,0.0,7.0,0.0,0.0,55.0,1,0.75,HIBRIDO,7.0,0.0,0.0
02:28,0.0,0.0,7.0,7.0,0.0,0.0,7.0,0.0,0.0,55.0,1,0.75,HIBRIDO,7.0,0.0,0.0
02:29,0.0,0.0,7.0,7.0,0.0,0.0,7.0,0.0,0.0,55.0,1,0.75,HIBRIDO,7.0,0.0,0.0
02:30,0.0,0.0,7.0,7.0,0.0,0.0,7.0,0.0,0.0,55.0,1,0.75,HIBRIDO,7.0,0.0,0.0
02:31,0.0,0.0,7.0,7.0,0.0,0.0,7.0,0.0,0.0,55.0,1,0.75,HIBRIDO,7.0,0.0,0.0
02:32,0.0,0.0,7.0,7.0,0.0,0.0,7.0,0.0,0.0,55.0,1,0.75,HIBRIDO,7.0,0.0,0.0
02:33,0.0,0.0,7.0,7.0,0.0,0.0,7.0,0.0,0.0,55.0,1,0.75,HIBRIDO,7.0,0.0,0.0
02:34,0.0,0.0,7.0,7.0,0.0,0.0,7.0,0.0,0.0,55.0,1,0.75,HIBRIDO,7.0,0.0,0.0
02:35,0.0,0.0,7.0,7.0,0.0,0.0,7.0,0.0,0.0,55.0,1,0.75,HIBRIDO,7.0,0.0,0.0
02:36,0.0,0.0,7.0,7.0,0.0,0.0,7.0,0.0,0.0,55.0,1,0.75,HIBRIDO,7.0,0.0,0.0
02:37,0.0,0.0,7.0,7.0,0.0,0.0,7.0,0.0,0.0,55.0,1,0.75,HIBRIDO,7.0,0.0,0.0
02:38,0.0,0.0,7.0,7.0,0.0,0.0,7.0,0.0,0.0,55.0,1,0.75,HIBRIDO,7.0,0.0,0.0
02:39,0.0,0.0,7.0,7.0,0.0,0.0,7.0,0.0,0.0,55.0,1,0.75,HIBRIDO,7.0,0.0,0.0
02:40,0.0,0.0,7.0,7.0,0.0,0.0,7.0,0.0,0.0,55.0,1,0.75,HIBRIDO,7.0,0.0,0.0
02:41,0.0,0.0,7.0,7.0,0.0,0.0,7.0,0.0,0.0,55.0,1,0.75,HIBRIDO,7.0,0.0,0.0
02:42,0.0,0.0,7.0,7.0,0.0,0.0,7.0,0.0,0.0,55.0,1,0.75,HIBRIDO,7.0,0.0,0.0
02:43,0.0,0.0,7.0,7.0,0.0,0.0,7.0,0.0,0.0,55.0,1,0.75,HIBRIDO,7.0,0.0,0.0
02:44,0.0,0.0,7.0,7.0,0.0,0.0,7.0,0.0,0.0,55.0,1,0.75,HIBRIDO,7.0,0.0,0.0
02:45,0.0,0.0,7.0,7.0,0.0,0.0,7.0,0.0,0.0,55.0,1,0.75,HIBRIDO,7.0,0.0,0.0
02:46,0.0,0.0,7.0,7.0,0.0,0.0,7.0,0.0,0.0,55.0,1,0.75,HIBRIDO,7.0,0.0,0.0
02:47,0.0,0.0,7.0,7.0,0.0,0.0,7.0,0.0,0.0,55.0,1,0.75,HIBRIDO,7.0,0.0,0.0
02:48,0.0,0.0,7.0,7.0,0.0,0.0,7.0,0.0,0.0,55.0,1,0.75,HIBRIDO,7.0,0.0,0.0
02:49,0.0,0.0,7.0,7.0,0.0,0.0,7.0,0.0,0.0,55.0,1,0.75,HIBRIDO,7.0,0.0,0.0
02:50,0.0,0.0,7.0,7.0,0.0,0.0,7.0,0.0,0.0,55.0,1,0.75,HIBRIDO,7.0,0.0,0.0
02:51,0.0,0.0,7.0,7.0,0.0,0.0,7.0,0.0,0.0,55.0,1,0.75,HIBRIDO,7.0,0.0,0.0
02:52,0.0,0.0,7.0,7.0,0.0,0.0,7.0,0.0,0.0,55.0,1,0.75,HIBRIDO,7.0,0.0,0.0
02:53,0.0,0.0,7.0,7.0,0.0,0.0,7.0,0.0,0.0,55.0,1,0.75,HIBRIDO,7.0,0.0,0.0
02:54,0.0,0.0,7.0,7.0,0.0,0.0,7.0,0.0,0.0,55.0,1,0.75,HIBRIDO,7.0,0.0,0.0
02:55,0.0,0.0,7.0,7.0,0.0,0.0,7.0,0.0,0.0,55.0,1,0.75,HIBRIDO,7.0,0.0,0.0
02:56,0.0,0.0,7.0,7.0,0.0,0.0,7.0,0.0,0.0,55.0,1,0.75,HIBRIDO,7.0,0.0,0.0
02:57,0.0,0.0,7.0,7.0,0.0,0.0,7.0,0.0,0.0,55.0,1,0.75,HIBRIDO,7.0,0.0,0.0
02:58,0.0,0.0,7.0,7.0,0.0,0.0,7.0,0.0,0.0,55.0,1,0.75,HIBRIDO,7.0,0.0,0.0
02:59,0.0,0.0,7.0,7.0,0.0,0.0,7.0,0.0,0.0,55.0,1,0.75,HIBRIDO,7.0,0.0,0.0
03:00,0.0,0.0,7.0,7.0,0.0,0.0,7.0,0.0,0.0,55.0,1,0.75,HIBRIDO,7.0,0.0,0.0
03:01,0.0,0.0,7.0,7.0,0.0,0.0,7.0,0.0,0.0,55.0,1,0.75,HIBRIDO,7.0,0.0,0.0
03:02,0.0,0.0,7.0,7.0,0.0,0.0,7.0,0.0,0.0,55.0,1,0.75,HIBRIDO,7.0,0.0,0.0
03:03,0.0,0.0,7.0,7.0,0.0,0.0,7.0,0.0,0.0,55.0,1,0.75,HIBRIDO,7.0,0.0,0.0
03:04,0.0,0.0,7.0,7.0,0.0,0.0,7.0,0.0,0.0,55.0,1,0.75,HIBRIDO,7.0,0.0,0.0
03:05,0.0,0.0,7.0,7.0,0.0,0.0,7.0,0.0,0.0,55.0,1,0.75,HIBRIDO,7.0,0.0,0.0
03:06,0.0,0.0,7.0,7.0,0.0,0.0,7.0,0.0,0.0,55.0,1,0.75,HIBRIDO,7.0,0.0,0.0
03:07,0.0,0.0,7.0,7.0,0.0,0.0,7.0,0.0,0.0,55.0,1,0.75,HIBRIDO,7.0,0.0,0.0
03:08,0.0,0.0,7.0,7.0,0.0,0.0,7.0,0.0,0.0,55.0,1,0.75,HIBRIDO,7.0,0.0,0.0
03:09,0.0,0.0,7.0,7.0,0.0,0.0,7.0,0.0,0.0,55.0,1,0.75,HIBRIDO,7.0,0.0,0.0
03:10,0.0,0.0,7.0,7.0,0.0,0.0,7.0,0.0,0.0,55.0,1,0.75,HIBRIDO,7.0,0.0,0.0
03:11,0.0,0.0,7.0,7.0,0.0,0.0,7.0,0.0,0.0,55.0,1,0.75,HIBRIDO,7.0,0.0,0.0
03:12,0.0,0.0,7.0,7.0,0.0,0.0,7.0,0.0,0.0,55.0,1,0.75,HIBRIDO,7.0,0.0,0.0
03:13,0.0,0.0,7.0,7.0,0.0,0.0,7.0,0.0,0.0,55.0,1,0.75,HIBRIDO,7.0,0.0,0.0
03:14,0.0,0.0,7.0,7.0,0.0,0.0,7.0,0.0,0.0,55.0,1,0.75,HIBRIDO,7.0,0.0,0.0
03:15,0.0,0.0,7.0,7.0,0.0,0.0,7.0,0.0,0.0,55.0,1,0.75,HIBRIDO,7.0,0.0,0.0
03:16,0.0,0.0,7.0,7.0,0.0,0.0,7.0,0.0,0.0,55.0,1,0.75,HIBRIDO,7.0,0.0,0.0
03:17,0.0,0.0,7.0,7.0,0.0,0.0,7.0,0.0,0.0,55.0,1,0.75,HIBRIDO,7.0,0.0,0.0
03:18,0.0,0.0,7.0,7.0,0.0,0.0,7.0,0.0,0.0,55.0,1,0.75,HIBRIDO,7.0,0.0,0.0
03:19,0.0,0.0,7.0,7.0,0.0,0.0,7.0,0.0,0.0,55.0,1,0.75,HIBRIDO,7.0,0.0,0.0
03:20,0.0,0.0,7.0,7.0,0.0,0.0,7.0,0.0,0.0,55.0,1,0.75,HIBRIDO,7.0,0.0,0.0
03:21,0.0,0.0,7.0,7.0,0.0,0.0,7.0,0.0,0.0,55.0,1,0.75,HIBRIDO,7.0,0.0,0.0
03:22,0.0,0.0,7.0,7.0,0.0,0.0,7.0,0.0,0.0,55.0,1,0.75,HIBRIDO,7.0,0.0,0.0
03:23,0.0,0.0,7.0,7.0,0.0,0.0,7.0,0.0,0.0,55.0,1,0.75,HIBRIDO,7.0,0.0,0.0
03:24,0.0,0.0,7.0,7.0,0.0,0.0,7.0,0.0,0.0,55.0,1,0.75,HIBRIDO,7.0,0.0,0.0
03:25,0.0,0.0,7.0,7.0,0.0,0.0,7.0,0.0,0.0,55.0,1,0.75,HIBRIDO,7.0,0.0,0.0
03:26,0.0,0.0,7.0,7.0,0.0,0.0,7.0,0.0,0.0,55.0,1,0.75,HIBRIDO,7.0,0.0,0.0
03:27,0.0,0.0,7.0,7.0,0.0,0.0,7.0,0.0,0.0,55.0,1,0.75,HIBRIDO,7.0,0.0,0.0
03:28,0.0,0.0,7.0,7.0,0.0,0.0,7.0,0.0,0.0,55.0,1,0.75,HIBRIDO,7.0,0.0,0.0
03:29,0.0,0.0,7.0,7.0,0.0,0.0,7.0,0.0,0.0,55.0,1,0.75,HIBRIDO,7.0,0.0,0.0
03:30,0.0,0.0,7.0,7.0,0.0,0.0,7.0,0.0,0.0,55.0,1,0.75,HIBRIDO,7.0,0.0,0.0
03:31,0.0,0.0,7.0,7.0,0.0,0.0,7.0,0.0,0.0,55.0,1,0.75,HIBRIDO,7.0,0.0,0.0
03:32,0.0,0.0,7.0,7.0,0.0,0.0,7.0,0.0,0.0,55.0,1,0.75,HIBRIDO,7.0,0.0,0.0
03:33,0.0,0.0,7.0,7.0,0.0,0.0,7.0,0.0,0.0,55.0,1,0.75,HIBRIDO,7.0,0.0,0.0
03:34,0.0,0.0,7.0,7.0,0.0,0.0,7.0,0.0,0.0,55.0,1,0.75,HIBRIDO,7.0,0.0,0.0
03:35,0.0,0.0,7.0,7.0,0.0,0.0,7.0,0.0,0.0,55.0,1,0.75,HIBRIDO,7.0,0.0,0.0
03:36,0.0,0.0,7.0,7.0,0.0,0.0,7.0,0.0,0.0,55.0,1,0.75,HIBRIDO,7.0,0.0,0.0
03:37,0.0,0.0,7.0,7.0,0.0,0.0,7.0,0.0,0.0,55.0,1,0.75,HIBRIDO,7.0,0.0,0.0
03:38,0.0,0.0,7.0,7.0,0.0,0.0,7.0,0.0,0.0,55.0,1,0.75,HIBRIDO,7.0,0.0,0.0
03:39,0.0,0.0,7.0,7.0,0.0,0.0,7.0,0.0,0.0,55.0,1,0.75,HIBRIDO,7.0,0.0,0.0
03:40,0.0,0.0,7.0,7.0,0.0,0.0,7.0,0.0,0.0,55.0,1,0.75,HIBRIDO,7.0,0.0,0.0
03:41,0.0,0.0,7.0,7.0,0.0,0.0,7.0,0.0,0.0,55.0,1,0.75,HIBRIDO,7.0,0.0,0.0
03:42,0.0,0.0,7.0,7.0,0.0,0.0,7.0,0.0,0.0,55.0,1,0.75,HIBRIDO,7.0,0.0,0.0
03:43,0.0,0.0,7.0,7.0,0.0,0.0,7.0,0.0,0.0,55.0,1,0.75,HIBRIDO,7.0,0.0,0.0
03:44,0.0,0.0,7.0,7.0,0.0,0.0,7.0,0.0,0.0,55.0,1,0.75,HIBRIDO,7.0,0.0,0.0
03:45,0.0,0.0,7.0,7.0,0.0,0.0,7.0,0.0,0.0,55.0,1,0.75,HIBRIDO,7.0,0.0,0.0
03:46,0.0,0.0,7.0,7.0,0.0,0.0,7.0,0.0,0.0,55.0,1,0.75,HIBRIDO,7.0,0.0,0.0
03:47,0.0,0.0,7.0,7.0,0.0,0.0,7.0,0.0,0.0,55.0,1,0.75,HIBRIDO,7.0,0.0,0.0
03:48,0.0,0.0,7.0,7.0,0.0,0.0,7.0,0.0,0.0,55.0,1,0.75,HIBRIDO,7.0,0.0,0.0
03:49,0.0,0.0,7.0,7.0,0.0,0.0,7.0,0.0,0.0,55.0,1,0.75,HIBRIDO,7.0,0.0,0.0
03:50,0.0,0.0,7.0,7.0,0.0,0.0,7.0,0.0,0.0,55.0,1,0.75,HIBRIDO,7.0,0.0,0.0
03:51,0.0,0.0,7.0,7.0,0.0,0.0,7.0,0.0,0.0,55.0,1,0.75,HIBRIDO,7.0,0.0,0.0
03:52,0.0,0.0,7.0,7.0,0.0,0.0,7.0,0.0,0.0,55.0,1,0.75,HIBRIDO,7.0,0.0,0.0
03:53,0.0,0.0,7.0,7.0,0.0,0.0,7.0,0.0,0.0,55.0,1,0.75,HIBRIDO,7.0,0.0,0.0
03:54,0.0,0.0,7.0,7.0,0.0,0.0,7.0,0.0,0.0,55.0,1,0.75,HIBRIDO,7.0,0.0,0.0
03:55,0.0,0.0,7.0,7.0,0.0,0.0,7.0,0.0,0.0,55.0,1,0.75,HIBRIDO,7.0,0.0,0.0
03:56,0.0,0.0,7.0,7.0,0.0,0.0,7.0,0.0,0.0,55.0,1,0.75,HIBRIDO,7.0,0.0,0.0
03:57,0.0,0.0,7.0,7.0,0.0,0.0,7.0,0.0,0.0,55.0,1,0.75,HIBRIDO,7.0,0.0,0.0
03:58,0.0,0.0,7.0,7.0,0.0,0.0,7.0,0.0,0.0,55.0,1,0.75,HIBRIDO,7.0,0.0,0.0
03:59,0.0,0.0,7.0,7.0,0.0,0.0,7.0,0.0,0.0,55.0,1,0.75,HIBRIDO,7.0,0.0,0.0
04:00,0.0,0.0,7.0,7.0,0.0,0.0,7.0,0.0,0.0,55.0,1,0.75,HIBRIDO,7.0,0.0,0.0
04:01,0.0,0.0,7.0,7.0,0.0,0.0,7.0,0.0,0.0,55.0,1,0.75,HIBRIDO,7.0,0.0,0.0
04:02,0.0,0.0,7.0,7.0,0.0,0.0,7.0,0.0,0.0,55.0,1,0.75,HIBRIDO,7.0,0.0,0.0
04:03,0.0,0.0,7.0,7.0,0.0,0.0,7.0,0.0,0.0,55.0,1,0.75,HIBRIDO,7.0,0.0,0.0
04:04,0.0,0.0,7.0,7.0,0.0,0.0,7.0,0.0,0.0,55.0,1,0.75,HIBRIDO,7.0,0.0,0.0
04:05,0.0,0.0,7.0,7.0,0.0,0.0,7.0,0.0,0.0,55.0,1,0.75,HIBRIDO,7.0,0.0,0.0
04:06,0.0,0.0,0.0,0.0,0.0,0.0,0.0,0.0,0.0,55.0,1,0.75,OCIOSO,0.0,0.0,0.0
04:07,0.0,0.0,0.0,0.0,0.0,0.0,0.0,0.0,0.0,55.0,1,0.75,OCIOSO,0.0,0.0,0.0
04:08,0.0,0.0,0.0,0.0,0.0,0.0,0.0,0.0,0.0,55.0,1,0.75,OCIOSO,0.0,0.0,0.0
04:09,0.0,0.0,0.0,0.0,0.0,0.0,0.0,0.0,0.0,55.0,1,0.75,OCIOSO,0.0,0.0,0.0
04:10,0.0,0.0,0.0,0.0,0.0,0.0,0.0,0.0,0.0,55.0,1,0.75,OCIOSO,0.0,0.0,0.0
04:11,0.0,0.0,0.0,0.0,0.0,0.0,0.0,0.0,0.0,55.0,1,0.75,OCIOSO,0.0,0.0,0.0
04:12,0.0,0.0,0.0,0.0,0.0,0.0,0.0,0.0,0.0,55.0,1,0.75,OCIOSO,0.0,0.0,0.0
04:13,0.0,0.0,0.0,0.0,0.0,0.0,0.0,0.0,0.0,55.0,1,0.75,OCIOSO,0.0,0.0,0.0
04:14,0.0,0.0,0.0,0.0,0.0,0.0,0.0,0.0,0.0,55.0,1,0.75,OCIOSO,0.0,0.0,0.0
04:15,0.0,0.0,0.0,0.0,0.0,0.0,0.0,0.0,0.0,55.0,1,0.75,OCIOSO,0.0,0.0,0.0
04:16,0.0,0.0,0.0,0.0,0.0,0.0,0.0,0.0,0.0,55.0,1,0.75,OCIOSO,0.0,0.0,0.0
04:17,0.0,0.0,0.0,0.0,0.0,0.0,0.0,0.0,0.0,55.0,1,0.75,OCIOSO,0.0,0.0,0.0
04:18,0.0,0.0,0.0,0.0,0.0,0.0,0.0,0.0,0.0,55.0,1,0.75,OCIOSO,0.0,0.0,0.0
04:19,0.0,0.0,0.0,0.0,0.0,0.0,0.0,0.0,0.0,55.0,1,0.75,OCIOSO,0.0,0.0,0.0
04:20,0.0,0.0,0.0,0.0,0.0,0.0,0.0,0.0,0.0,55.0,1,0.75,OCIOSO,0.0,0.0,0.0
04:21,0.0,0.0,0.0,0.0,0.0,0.0,0.0,0.0,0.0,55.0,1,0.75,OCIOSO,0.0,0.0,0.0
04:22,0.0,0.0,0.0,0.0,0.0,0.0,0.0,0.0,0.0,55.0,1,0.75,OCIOSO,0.0,0.0,0.0
04:23,0.0,0.0,0.0,0.0,0.0,0.0,0.0,0.0,0.0,55.0,1,0.75,OCIOSO,0.0,0.0,0.0
04:24,0.0,0.0,0.0,0.0,0.0,0.0,0.0,0.0,0.0,55.0,1,0.75,OCIOSO,0.0,0.0,0.0
04:25,0.0,0.0,0.0,0.0,0.0,0.0,0.0,0.0,0.0,55.0,1,0.75,OCIOSO,0.0,0.0,0.0
04:26,0.0,0.0,0.0,0.0,0.0,0.0,0.0,0.0,0.0,55.0,1,0.75,OCIOSO,0.0,0.0,0.0
04:27,0.0,0.0,0.0,0.0,0.0,0.0,0.0,0.0,0.0,55.0,1,0.75,OCIOSO,0.0,0.0,0.0
04:28,0.0,0.0,0.0,0.0,0.0,0.0,0.0,0.0,0.0,55.0,1,0.75,OCIOSO,0.0,0.0,0.0
04:29,0.0,0.0,0.0,0.0,0.0,0.0,0.0,0.0,0.0,55.0,1,0.75,OCIOSO,0.0,0.0,0.0
04:30,0.0,0.0,0.0,0.0,0.0,0.0,0.0,0.0,0.0,55.0,1,0.75,OCIOSO,0.0,0.0,0.0
04:31,0.0,0.0,0.0,0.0,0.0,0.0,0.0,0.0,0.0,55.0,1,0.75,OCIOSO,0.0,0.0,0.0
04:32,0.0,0.0,0.0,0.0,0.0,0.0,0.0,0.0,0.0,55.0,1,0.75,OCIOSO,0.0,0.0,0.0
04:33,0.0,0.0,0.0,0.0,0.0,0.0,0.0,0.0,0.0,55.0,1,0.75,OCIOSO,0.0,0.0,0.0
04:34,0.0,0.0,0.0,0.0,0.0,0.0,0.0,0.0,0.0,55.0,1,0.75,OCIOSO,0.0,0.0,0.0
04:35,0.0,0.0,0.0,0.0,0.0,0.0,0.0,0.0,0.0,55.0,1,0.75,OCIOSO,0.0,0.0,0.0
04:36,0.0,0.0,0.0,0.0,0.0,0.0,0.0,0.0,0.0,55.0,1,0.75,OCIOSO,0.0,0.0,0.0
04:37,0.0,0.0,0.0,0.0,0.0,0.0,0.0,0.0,0.0,55.0,1,0.75,OCIOSO,0.0,0.0,0.0
04:38,0.0,0.0,0.0,0.0,0.0,0.0,0.0,0.0,0.0,55.0,1,0.75,OCIOSO,0.0,0.0,0.0
04:39,0.0,0.0,0.0,0.0,0.0,0.0,0.0,0.0,0.0,55.0,1,0.75,OCIOSO,0.0,0.0,0.0
04:40,0.0,0.0,0.0,0.0,0.0,0.0,0.0,0.0,0.0,55.0,1,0.75,OCIOSO,0.0,0.0,0.0
04:41,0.0,0.0,0.0,0.0,0.0,0.0,0.0,0.0,0.0,55.0,1,0.75,OCIOSO,0.0,0.0,0.0
04:42,0.0,0.0,0.0,0.0,0.0,0.0,0.0,0.0,0.0,55.0,1,0.75,OCIOSO,0.0,0.0,0.0
04:43,0.0,0.0,0.0,0.0,0.0,0.0,0.0,0.0,0.0,55.0,1,0.75,OCIOSO,0.0,0.0,0.0
04:44,0.0,0.0,0.0,0.0,0.0,0.0,0.0,0.0,0.0,55.0,1,0.75,OCIOSO,0.0,0.0,0.0
04:45,0.0,0.0,0.0,0.0,0.0,0.0,0.0,0.0,0.0,55.0,1,0.75,OCIOSO,0.0,0.0,0.0
04:46,0.0,0.0,0.0,0.0,0.0,0.0,0.0,0.0,0.0,55.0,1,0.75,OCIOSO,0.0,0.0,0.0
04:47,0.0,0.0,0.0,0.0,0.0,0.0,0.0,0.0,0.0,55.0,1,0.75,OCIOSO,0.0,0.0,0.0
04:48,0.0,0.0,0.0,0.0,0.0,0.0,0.0,0.0,0.0,55.0,1,0.75,OCIOSO,0.0,0.0,0.0
04:49,0.0,0.0,0.0,0.0,0.0,0.0,0.0,0.0,0.0,55.0,1,0.75,OCIOSO,0.0,0.0,0.0
04:50,0.0,0.0,0.0,0.0,0.0,0.0,0.0,0.0,0.0,55.0,1,0.75,OCIOSO,0.0,0.0,0.0
04:51,0.0,0.0,0.0,0.0,0.0,0.0,0.0,0.0,0.0,55.0,1,0.75,OCIOSO,0.0,0.0,0.0
04:52,0.0,0.0,0.0,0.0,0.0,0.0,0.0,0.0,0.0,55.0,1,0.75,OCIOSO,0.0,0.0,0.0
04:53,0.0,0.0,0.0,0.0,0.0,0.0,0.0,0.0,0.0,55.0,1,0.75,OCIOSO,0.0,0.0,0.0
04:54,0.0,0.0,0.0,0.0,0.0,0.0,0.0,0.0,0.0,55.0,1,0.75,OCIOSO,0.0,0.0,0.0
04:55,0.0,0.0,0.0,0.0,0.0,0.0,0.0,0.0,0.0,55.0,1,0.75,OCIOSO,0.0,0.0,0.0
04:56,0.0,0.0,0.0,0.0,0.0,0.0,0.0,0.0,0.0,55.0,1,0.75,OCIOSO,0.0,0.0,0.0
04:57,0.0,0.0,0.0,0.0,0.0,0.0,0.0,0.0,0.0,55.0,1,0.75,OCIOSO,0.0,0.0,0.0
04:58,0.0,0.0,0.0,0.0,0.0,0.0,0.0,0.0,0.0,55.0,1,0.75,OCIOSO,0.0,0.0,0.0
04:59,0.0,0.0,0.0,0.0,0.0,0.0,0.0,0.0,0.0,55.0,1,0.75,OCIOSO,0.0,0.0,0.0
05:00,0.0,0.0,0.0,0.0,0.0,0.0,0.0,0.0,0.0,55.0,1,0.75,OCIOSO,0.0,0.0,0.0
05:01,0.0,0.0,0.0,0.0,0.0,0.0,0.0,0.0,0.0,55.0,1,0.75,OCIOSO,0.0,0.0,0.0
05:02,0.0,0.0,0.0,0.0,0.0,0.0,0.0,0.0,0.0,55.0,1,0.75,OCIOSO,0.0,0.0,0.0
05:03,0.0,0.0,0.0,0.0,0.0,0.0,0.0,0.0,0.0,55.0,1,0.75,OCIOSO,0.0,0.0,0.0
05:04,0.0,0.0,0.0,0.0,0.0,0.0,0.0,0.0,0.0,55.0,1,0.75,OCIOSO,0.0,0.0,0.0
05:05,0.0,0.0,0.0,0.0,0.0,0.0,0.0,0.0,0.0,55.0,1,0.75,OCIOSO,0.0,0.0,0.0
05:06,0.0,0.0,0.0,0.0,0.0,0.0,0.0,0.0,0.0,55.0,1,0.75,OCIOSO,0.0,0.0,0.0
05:07,0.0,0.0,0.0,0.0,0.0,0.0,0.0,0.0,0.0,55.0,1,0.75,OCIOSO,0.0,0.0,0.0
05:08,0.0,0.0,0.0,0.0,0.0,0.0,0.0,0.0,0.0,55.0,1,0.75,OCIOSO,0.0,0.0,0.0
05:09,0.0,0.0,0.0,0.0,0.0,0.0,0.0,0.0,0.0,55.0,1,0.75,OCIOSO,0.0,0.0,0.0
05:10,0.0,0.0,0.0,0.0,0.0,0.0,0.0,0.0,0.0,55.0,1,0.75,OCIOSO,0.0,0.0,0.0
05:11,0.0,0.0,0.0,0.0,0.0,0.0,0.0,0.0,0.0,55.0,1,0.75,OCIOSO,0.0,0.0,0.0
05:12,0.0,0.0,0.0,0.0,0.0,0.0,0.0,0.0,0.0,55.0,1,0.75,OCIOSO,0.0,0.0,0.0
05:13,0.0,0.0,0.0,0.0,0.0,0.0,0.0,0.0,0.0,55.0,1,0.75,OCIOSO,0.0,0.0,0.0
05:14,0.0,0.0,0.0,0.0,0.0,0.0,0.0,0.0,0.0,55.0,1,0.75,OCIOSO,0.0,0.0,0.0
05:15,0.0,0.0,0.0,0.0,0.0,0.0,0.0,0.0,0.0,55.0,1,0.75,OCIOSO,0.0,0.0,0.0
05:16,0.0,0.0,0.0,0.0,0.0,0.0,0.0,0.0,0.0,55.0,1,0.75,OCIOSO,0.0,0.0,0.0
05:17,0.0,0.0,0.0,0.0,0.0,0.0,0.0,0.0,0.0,55.0,1,0.75,OCIOSO,0.0,0.0,0.0
05:18,0.0,0.0,0.0,0.0,0.0,0.0,0.0,0.0,0.0,55.0,1,0.75,OCIOSO,0.0,0.0,0.0
05:19,0.0,0.0,0.0,0.0,0.0,0.0,0.0,0.0,0.0,55.0,1,0.75,OCIOSO,0.0,0.0,0.0
05:20,0.0,0.0,0.0,0.0,0.0,0.0,0.0,0.0,0.0,55.0,1,0.75,OCIOSO,0.0,0.0,0.0
05:21,0.0,0.0,0.0,0.0,0.0,0.0,0.0,0.0,0.0,55.0,1,0.75,OCIOSO,0.0,0.0,0.0
05:22,0.0,0.0,0.0,0.0,0.0,0.0,0.0,0.0,0.0,55.0,1,0.75,OCIOSO,0.0,0.0,0.0
05:23,0.0,0.0,0.0,0.0,0.0,0.0,0.0,0.0,0.0,55.0,1,0.75,OCIOSO,0.0,0.0,0.0
05:24,0.0,0.0,0.0,0.0,0.0,0.0,0.0,0.0,0.0,55.0,1,0.75,OCIOSO,0.0,0.0,0.0
05:25,0.0,0.0,0.0,0.0,0.0,0.0,0.0,0.0,0.0,55.0,1,0.75,OCIOSO,0.0,0.0,0.0
05:26,0.0,0.0,0.0,0.0,0.0,0.0,0.0,0.0,0.0,55.0,1,0.75,OCIOSO,0.0,0.0,0.0
05:27,0.0,0.0,0.0,0.0,0.0,0.0,0.0,0.0,0.0,55.0,1,0.75,OCIOSO,0.0,0.0,0.0
05:28,0.0,0.0,0.0,0.0,0.0,0.0,0.0,0.0,0.0,55.0,1,0.75,OCIOSO,0.0,0.0,0.0
05:29,0.0,0.0,0.0,0.0,0.0,0.0,0.0,0.0,0.0,55.0,1,0.75,OCIOSO,0.0,0.0,0.0
05:30,0.0,0.0,0.0,0.0,0.0,0.0,0.0,0.0,0.0,55.0,1,0.75,OCIOSO,0.0,0.0,0.0
05:31,0.0,0.0,0.0,0.0,0.0,0.0,0.0,0.0,0.0,55.0,1,0.75,OCIOSO,0.0,0.0,0.0
05:32,0.0,0.0,0.0,0.0,0.0,0.0,0.0,0.0,0.0,55.0,1,0.75,OCIOSO,0.0,0.0,0.0
05:33,0.0,0.0,0.0,0.0,0.0,0.0,0.0,0.0,0.0,55.0,1,0.75,OCIOSO,0.0,0.0,0.0
05:34,0.0,0.0,0.0,0.0,0.0,0.0,0.0,0.0,0.0,55.0,1,0.75,OCIOSO,0.0,0.0,0.0
05:35,0.0,0.0,0.0,0.0,0.0,0.0,0.0,0.0,0.0,55.0,1,0.75,OCIOSO,0.0,0.0,0.0
05:36,0.0,0.0,0.0,0.0,0.0,0.0,0.0,0.0,0.0,55.0,1,0.75,OCIOSO,0.0,0.0,0.0
05:37,0.0,0.0,0.0,0.0,0.0,0.0,0.0,0.0,0.0,55.0,1,0.75,OCIOSO,0.0,0.0,0.0
05:38,0.0,0.0,0.0,0.0,0.0,0.0,0.0,0.0,0.0,55.0,1,0.75,OCIOSO,0.0,0.0,0.0
05:39,0.0,0.0,0.0,0.0,0.0,0.0,0.0,0.0,0.0,55.0,1,0.75,OCIOSO,0.0,0.0,0.0
05:40,0.0,0.0,0.0,0.0,0.0,0.0,0.0,0.0,0.0,55.0,1,0.75,OCIOSO,0.0,0.0,0.0
05:41,0.0,0.0,0.0,0.0,0.0,0.0,0.0,0.0,0.0,55.0,1,0.75,OCIOSO,0.0,0.0,0.0
05:42,0.0,0.0,0.0,0.0,0.0,0.0,0.0,0.0,0.0,55.0,1,0.75,OCIOSO,0.0,0.0,0.0
05:43,0.0,0.0,0.0,0.0,0.0,0.0,0.0,0.0,0.0,55.0,1,0.75,OCIOSO,0.0,0.0,0.0
05:44,0.0,0.0,0.0,0.0,0.0,0.0,0.0,0.0,0.0,55.0,1,0.75,OCIOSO,0.0,0.0,0.0
05:45,0.0,0.0,0.0,0.0,0.0,0.0,0.0,0.0,0.0,55.0,1,0.75,OCIOSO,0.0,0.0,0.0
05:46,0.0,0.0,0.0,0.0,0.0,0.0,0.0,0.0,0.0,55.0,1,0.75,OCIOSO,0.0,0.0,0.0
05:47,0.0,0.0,0.0,0.0,0.0,0.0,0.0,0.0,0.0,55.0,1,0.75,OCIOSO,0.0,0.0,0.0
05:48,0.0,0.0,0.0,0.0,0.0,0.0,0.0,0.0,0.0,55.0,1,0.75,OCIOSO,0.0,0.0,0.0
05:49,0.0,0.0,0.0,0.0,0.0,0.0,0.0,0.0,0.0,55.0,1,0.75,OCIOSO,0.0,0.0,0.0
05:50,0.0,0.0,0.0,0.0,0.0,0.0,0.0,0.0,0.0,55.0,1,0.75,OCIOSO,0.0,0.0,0.0
05:51,0.0,0.0,0.0,0.0,0.0,0.0,0.0,0.0,0.0,55.0,1,0.75,OCIOSO,0.0,0.0,0.0
05:52,0.0,0.0,0.0,0.0,0.0,0.0,0.0,0.0,0.0,55.0,1,0.75,OCIOSO,0.0,0.0,0.0
05:53,0.0,0.0,0.0,0.0,0.0,0.0,0.0,0.0,0.0,55.0,1,0.75,OCIOSO,0.0,0.0,0.0
05:54,0.0,0.0,0.0,0.0,0.0,0.0,0.0,0.0,0.0,55.0,1,0.75,OCIOSO,0.0,0.0,0.0
05:55,0.0,0.0,0.0,0.0,0.0,0.0,0.0,0.0,0.0,55.0,1,0.75,OCIOSO,0.0,0.0,0.0
05:56,0.0,0.0,0.0,0.0,0.0,0.0,0.0,0.0,0.0,55.0,1,0.75,OCIOSO,0.0,0.0,0.0
05:57,0.0,0.0,0.0,0.0,0.0,0.0,0.0,0.0,0.0,55.0,1,0.75,OCIOSO,0.0,0.0,0.0
05:58,0.0,0.0,0.0,0.0,0.0,0.0,0.0,0.0,0.0,55.0,1,0.75,OCIOSO,0.0,0.0,0.0
05:59,0.0,0.0,0.0,0.0,0.0,0.0,0.0,0.0,0.0,55.0,1,0.75,OCIOSO,0.0,0.0,0.0
06:00,0.0,0.0,0.0,0.0,0.0,0.0,0.0,0.0,0.0,55.0,1,0.75,OCIOSO,0.0,0.0,0.0
06:01,4.0,0.23,0.0,0.0,0.0,0.0,0.0,0.23,0.0,55.0,1,0.75,OCIOSO,0.0,0.0,0.0
06:02,8.1,0.46,0.0,0.0,0.0,0.0,0.0,0.46,0.0,55.0,1,0.75,OCIOSO,0.0,0.0,0.0
06:03,12.1,0.7,0.0,0.0,0.0,0.0,0.0,0.7,0.0,55.0,1,0.75,OCIOSO,0.0,0.0,0.0
06:04,16.0,0.92,0.0,0.0,0.0,0.0,0.0,0.92,0.0,55.0,1,0.75,OCIOSO,0.0,0.0,0.0
06:05,20.1,1.16,0.0,0.0,0.0,0.0,0.0,1.16,0.0,55.1,1,0.75,OCIOSO,0.0,0.0,0.0
06:06,23.7,1.36,0.0,0.0,0.0,0.0,0.0,1.36,0.0,55.1,1,0.75,OCIOSO,0.0,0.0,0.0
06:07,28.1,1.62,0.0,0.0,0.0,0.0,0.0,1.62,0.0,55.1,1,0.75,OCIOSO,0.0,0.0,0.0
06:08,30.9,1.78,0.0,0.0,0.0,0.0,0.0,1.78,0.0,55.1,1,0.75,OCIOSO,0.0,0.0,0.0
06:09,35.9,2.07,0.0,0.0,0.0,0.0,0.0,2.07,0.0,55.2,1,0.75,OCIOSO,0.0,0.0,0.0
06:10,40.0,2.3,0.0,0.0,0.0,0.0,0.0,2.3,0.0,55.2,1,0.75,OCIOSO,0.0,0.0,0.0
06:11,44.7,2.57,0.0,0.0,0.0,0.0,0.0,2.57,0.0,55.2,1,0.75,OCIOSO,0.0,0.0,0.0
06:12,49.6,2.86,0.0,0.0,0.0,0.0,0.0,2.86,0.0,55.3,1,0.75,OCIOSO,0.0,0.0,0.0
06:13,54.4,3.13,0.0,0.0,0.0,0.0,0.0,3.13,0.0,55.3,1,0.75,OCIOSO,0.0,0.0,0.0
06:14,58.0,3.34,0.0,0.0,0.0,0.0,0.0,3.34,0.0,55.4,1,0.75,OCIOSO,0.0,0.0,0.0
06:15,60.3,3.47,0.0,0.0,0.0,0.0,0.0,3.47,0.0,55.4,1,0.75,OCIOSO,0.0,0.0,0.0
06:16,65.0,3.75,0.0,0.0,0.0,0.0,0.0,3.75,0.0,55.5,1,0.75,OCIOSO,0.0,0.0,0.0
06:17,68.3,3.93,0.0,0.0,0.0,0.0,0.0,3.93,0.0,55.6,1,0.75,OCIOSO,0.0,0.0,0.0
06:18,71.3,4.11,0.0,0.0,0.0,0.0,0.0,4.11,0.0,55.6,1,0.75,OCIOSO,0.0,0.0,0.0
06:19,77.2,4.45,0.0,0.0,0.0,0.0,0.0,4.45,0.0,55.7,1,0.75,OCIOSO,0.0,0.0,0.0
06:20,82.5,4.75,0.0,0.0,0.0,0.0,0.0,4.75,0.0,55.8,1,0.75,OCIOSO,0.0,0.0,0.0
06:21,85.4,4.92,0.0,0.0,0.0,0.0,0.0,4.92,0.0,55.8,1,0.75,OCIOSO,0.0,0.0,0.0
06:22,88.2,5.08,0.0,0.0,0.0,0.0,0.0,5.08,0.0,55.9,1,0.75,OCIOSO,0.0,0.0,0.0
06:23,91.6,5.28,0.0,0.0,0.0,0.0,0.0,5.28,0.0,56.0,1,0.75,OCIOSO,0.0,0.0,0.0
06:24,94.9,5.47,0.0,0.0,0.0,0.0,0.0,5.47,0.0,56.1,1,0.75,OCIOSO,0.0,0.0,0.0
06:25,97.3,5.61,0.0,0.0,0.0,0.0,0.0,5.61,0.0,56.2,1,0.75,OCIOSO,0.0,0.0,0.0
06:26,98.4,5.67,0.0,0.0,0.0,0.0,0.0,5.67,0.0,56.3,1,0.75,OCIOSO,0.0,0.0,0.0
06:27,101.5,5.85,0.0,0.0,0.0,0.0,0.0,5.85,0.0,56.4,1,0.75,OCIOSO,0.0,0.0,0.0
06:28,108.9,6.27,0.0,0.0,0.0,0.0,0.0,6.27,0.0,56.5,1,0.75,OCIOSO,0.0,0.0,0.0
06:29,114.2,6.58,0.0,0.0,0.0,0.0,0.0,6.58,0.0,56.6,1,0.75,OCIOSO,0.0,0.0,0.0
06:30,121.7,7.01,0.0,0.0,0.0,0.0,0.0,7.01,0.0,56.7,1,0.75,OCIOSO,0.0,0.0,0.0
06:31,126.8,7.3,0.0,0.0,0.0,0.0,0.0,7.3,0.0,56.8,1,0.75,OCIOSO,0.0,0.0,0.0
06:32,129.0,7.42,0.0,0.0,0.0,0.0,0.0,7.42,0.0,56.9,1,0.75,OCIOSO,0.0,0.0,0.0
06:33,133.5,7.68,0.0,0.0,0.0,0.0,0.0,7.68,0.0,57.0,1,0.75,OCIOSO,0.0,0.0,0.0
06:34,132.5,7.62,0.0,0.0,0.0,0.0,0.0,7.62,0.0,57.1,1,0.75,OCIOSO,0.0,0.0,0.0
06:35,134.2,7.72,0.0,0.0,0.0,0.0,0.0,7.72,0.0,57.3,1,0.75,OCIOSO,0.0,0.0,0.0
06:36,137.3,7.89,0.0,0.0,0.0,0.0,0.0,7.89,0.0,57.4,1,0.75,OCIOSO,0.0,0.0,0.0
06:37,141.9,8.16,0.0,0.0,0.0,0.0,0.0,8.16,0.0,57.5,1,0.75,OCIOSO,0.0,0.0,0.0
06:38,147.4,8.47,0.0,0.0,0.0,0.0,0.0,8.47,0.0,57.6,1,0.75,OCIOSO,0.0,0.0,0.0
06:39,150.9,8.66,0.0,0.0,0.0,0.0,0.0,8.66,0.0,57.8,1,0.75,OCIOSO,0.0,0.0,0.0
06:40,154.0,8.84,0.0,0.0,0.0,0.0,0.0,8.84,0.0,57.9,1,0.75,OCIOSO,0.0,0.0,0.0
06:41,154.4,8.86,0.0,0.0,0.0,0.0,0.0,8.86,0.0,58.1,1,0.75,OCIOSO,0.0,0.0,0.0
06:42,157.8,9.06,0.0,0.0,0.0,0.0,0.0,9.06,0.0,58.2,1,0.75,OCIOSO,0.0,0.0,0.0
06:43,166.6,9.55,0.0,0.0,0.0,0.0,0.0,9.55,0.0,58.4,1,0.75,OCIOSO,0.0,0.0,0.0
06:44,174.2,9.98,0.0,0.0,0.0,0.0,0.0,9.98,0.0,58.5,1,0.75,OCIOSO,0.0,0.0,0.0
06:45,173.8,9.96,0.0,0.0,0.0,0.0,0.0,9.96,0.0,58.7,1,0.75,OCIOSO,0.0,0.0,0.0
06:46,172.0,9.86,0.0,0.0,0.0,0.0,0.0,9.86,0.0,58.8,1,0.75,OCIOSO,0.0,0.0,0.0
06:47,175.9,10.08,0.0,0.0,0.0,0.0,0.0,10.08,0.0,59.0,1,0.75,OCIOSO,0.0,0.0,0.0
06:48,181.5,10.39,0.0,0.0,0.0,0.0,0.0,10.39,0.0,59.1,1,0.75,OCIOSO,0.0,0.0,0.0
06:49,182.9,10.47,0.0,0.0,0.0,0.0,0.0,10.47,0.0,59.3,1,0.75,OCIOSO,0.0,0.0,0.0
06:50,191.2,10.93,0.0,0.0,0.0,0.0,0.0,10.93,0.0,59.5,1,0.75,OCIOSO,0.0,0.0,0.0
06:51,198.7,11.35,22.0,22.0,11.35,0.0,10.65,0.0,0.0,59.5,1,0.75,HIBRIDO,22.0,0.0,0.0
06:52,205.1,11.71,22.0,22.0,11.71,0.0,10.29,0.0,0.0,59.5,1,0.75,HIBRIDO,22.0,0.0,0.0
06:53,204.8,11.69,22.0,22.0,11.69,0.0,10.31,0.0,0.0,59.5,1,0.75,HIBRIDO,22.0,0.0,0.0
06:54,203.8,11.64,22.0,22.0,11.64,0.0,10.36,0.0,0.0,59.5,1,0.75,HIBRIDO,22.0,0.0,0.0
06:55,199.9,11.42,22.0,22.0,11.42,0.0,10.58,0.0,0.0,59.5,1,0.75,HIBRIDO,22.0,0.0,0.0
06:56,199.3,11.39,22.0,22.0,11.39,0.0,10.61,0.0,0.0,59.5,1,0.75,HIBRIDO,22.0,0.0,0.0
06:57,202.4,11.56,22.0,22.0,11.56,0.0,10.44,0.0,0.0,59.5,1,0.75,HIBRIDO,22.0,0.0,0.0
06:58,211.8,12.09,22.0,22.0,12.09,0.0,9.91,0.0,0.0,59.5,1,0.75,HIBRIDO,22.0,0.0,0.0
06:59,208.1,11.88,22.0,22.0,11.88,0.0,10.12,0.0,0.0,59.5,1,0.75,HIBRIDO,22.0,0.0,0.0
07:00,210.0,11.99,22.0,22.0,11.99,0.0,10.01,0.0,0.0,59.5,1,0.75,HIBRIDO,22.0,0.0,0.0
07:01,215.7,12.31,22.0,22.0,12.31,0.0,9.69,0.0,0.0,59.5,1,0.75,HIBRIDO,22.0,0.0,0.0
07:02,213.7,12.19,22.0,22.0,12.19,0.0,9.81,0.0,0.0,59.5,1,0.75,HIBRIDO,22.0,0.0,0.0
07:03,220.7,12.58,22.0,22.0,12.58,0.0,9.42,0.0,0.0,59.5,1,0.75,HIBRIDO,22.0,0.0,0.0
07:04,224.0,12.77,22.0,22.0,12.77,0.0,9.23,0.0,0.0,59.5,1,0.75,HIBRIDO,22.0,0.0,0.0
07:05,222.6,12.69,22.0,22.0,12.69,0.0,9.31,0.0,0.0,59.5,1,0.75,HIBRIDO,22.0,0.0,0.0
07:06,228.9,13.04,22.0,22.0,13.04,0.0,8.96,0.0,0.0,59.5,1,0.75,HIBRIDO,22.0,0.0,0.0
07:07,222.7,12.69,22.0,22.0,12.69,0.0,9.31,0.0,0.0,59.5,1,0.75,HIBRIDO,22.0,0.0,0.0
07:08,230.9,13.15,22.0,22.0,13.15,0.0,8.85,0.0,0.0,59.5,1,0.75,HIBRIDO,22.0,0.0,0.0
07:09,239.5,13.63,22.0,22.0,13.63,0.0,8.37,0.0,0.0,59.5,1,0.75,HIBRIDO,22.0,0.0,0.0
07:10,235.0,13.38,22.0,22.0,13.38,0.0,8.62,0.0,0.0,59.5,1,0.75,HIBRIDO,22.0,0.0,0.0
07:11,236.7,13.47,22.0,22.0,13.47,0.0,8.53,0.0,0.0,59.5,1,0.75,HIBRIDO,22.0,0.0,0.0
07:12,233.2,13.28,22.0,22.0,13.28,0.0,8.72,0.0,0.0,59.5,1,0.75,HIBRIDO,22.0,0.0,0.0
07:13,246.0,13.99,22.0,22.0,13.99,0.0,8.01,0.0,0.0,59.5,1,0.75,HIBRIDO,22.0,0.0,0.0
07:14,249.6,14.19,22.0,22.0,14.19,0.0,7.81,0.0,0.0,59.5,1,0.75,HIBRIDO,22.0,0.0,0.0
07:15,243.1,13.83,22.0,22.0,13.83,0.0,8.17,0.0,0.0,59.5,1,0.75,HIBRIDO,22.0,0.0,0.0
07:16,240.8,13.7,22.0,22.0,13.7,0.0,8.3,0.0,0.0,59.5,1,0.75,HIBRIDO,22.0,0.0,0.0
07:17,251.6,14.3,22.0,22.0,14.3,0.0,7.7,0.0,0.0,59.5,1,0.75,HIBRIDO,22.0,0.0,0.0
07:18,253.7,14.42,22.0,22.0,14.42,0.0,7.58,0.0,0.0,59.5,1,0.75,HIBRIDO,22.0,0.0,0.0
07:19,263.7,14.97,22.0,22.0,14.97,0.0,7.03,0.0,0.0,59.5,1,0.75,HIBRIDO,22.0,0.0,0.0
07:20,270.8,15.36,22.0,22.0,15.36,0.0,6.64,0.0,0.0,59.5,1,0.75,HIBRIDO,22.0,0.0,0.0
07:21,285.4,16.17,22.0,22.0,16.17,0.0,5.83,0.0,0.0,59.5,1,0.75,HIBRIDO,22.0,0.0,0.0
07:22,291.0,16.48,22.0,22.0,16.48,0.0,5.52,0.0,0.0,59.5,1,0.75,HIBRIDO,22.0,0.0,0.0
07:23,305.2,17.25,22.0,22.0,17.25,0.0,4.75,0.0,0.0,59.5,1,0.75,HIBRIDO,22.0,0.0,0.0
07:24,318.2,17.96,22.0,22.0,17.96,0.0,4.04,0.0,0.0,59.5,1,0.75,HIBRIDO,22.0,0.0,0.0
07:25,324.5,18.31,22.0,22.0,18.31,0.0,3.69,0.0,0.0,59.5,1,0.75,HIBRIDO,22.0,0.0,0.0
07:26,333.6,18.8,22.0,22.0,18.8,0.0,3.2,0.0,0.0,59.5,1,0.75,HIBRIDO,22.0,0.0,0.0
07:27,337.4,19.01,22.0,22.0,19.01,0.0,2.99,0.0,0.0,59.5,1,0.75,HIBRIDO,22.0,0.0,0.0
07:28,349.5,19.67,22.0,22.0,19.67,0.0,2.33,0.0,0.0,59.5,1,0.75,HIBRIDO,22.0,0.0,0.0
07:29,354.5,19.94,22.0,22.0,19.94,0.0,2.06,0.0,0.0,59.5,1,0.75,HIBRIDO,22.0,0.0,0.0
07:30,368.1,20.68,22.0,22.0,20.68,0.0,1.32,0.0,0.0,59.5,1,0.75,HIBRIDO,22.0,0.0,0.0
07:31,372.0,20.89,22.0,22.0,20.89,0.0,1.11,0.0,0.0,59.5,1,0.75,HIBRIDO,22.0,0.0,0.0
07:32,375.2,21.06,22.0,22.0,21.06,0.0,0.94,0.0,0.0,59.5,1,0.75,HIBRIDO,22.0,0.0,0.0
07:33,372.7,20.93,22.0,22.0,20.93,0.0,1.07,0.0,0.0,59.5,1,0.75,HIBRIDO,22.0,0.0,0.0
07:34,369.7,20.76,22.0,22.0,20.76,0.0,1.24,0.0,0.0,59.5,1,0.75,HIBRIDO,22.0,0.0,0.0
07:35,377.2,21.17,22.0,22.0,21.17,0.0,0.83,0.0,0.0,59.5,1,0.75,HIBRIDO,22.0,0.0,0.0
07:36,388.2,21.76,22.0,22.0,21.76,0.0,0.24,0.0,0.0,59.5,1,0.75,HIBRIDO,22.0,0.0,0.0
07:37,392.6,22.0,22.0,22.0,22.0,0.0,0.0,0.0,0.0,59.5,1,0.75,100% SOLAR,22.0,0.0,0.0
07:38,399.1,22.34,22.0,22.0,22.0,0.0,0.0,0.34,0.0,59.5,1,0.75,100% SOLAR,22.0,0.0,0.0
07:39,396.5,22.21,22.0,22.0,22.0,0.0,0.0,0.21,0.0,59.5,1,0.75,100% SOLAR,22.0,0.0,0.0
07:40,388.3,21.77,22.0,22.0,21.77,0.0,0.23,0.0,0.0,59.5,1,0.75,HIBRIDO,22.0,0.0,0.0
07:41,385.8,21.63,22.0,22.0,21.63,0.0,0.37,0.0,0.0,59.5,1,0.75,HIBRIDO,22.0,0.0,0.0
07:42,382.7,21.47,22.0,22.0,21.47,0.0,0.53,0.0,0.0,59.5,1,0.75,HIBRIDO,22.0,0.0,0.0
07:43,381.0,21.37,22.0,22.0,21.37,0.0,0.63,0.0,0.0,59.5,1,0.75,HIBRIDO,22.0,0.0,0.0
07:44,385.6,21.62,22.0,22.0,21.62,0.0,0.38,0.0,0.0,59.5,1,0.75,HIBRIDO,22.0,0.0,0.0
07:45,378.3,21.23,22.0,22.0,21.23,0.0,0.77,0.0,0.0,59.5,1,0.75,HIBRIDO,22.0,0.0,0.0
07:46,373.6,20.97,22.0,22.0,20.97,0.0,1.03,0.0,0.0,59.5,1,0.75,HIBRIDO,22.0,0.0,0.0
07:47,382.8,21.47,22.0,22.0,21.47,0.0,0.53,0.0,0.0,59.5,1,0.75,HIBRIDO,22.0,0.0,0.0
07:48,392.4,21.99,22.0,22.0,21.99,0.0,0.01,0.0,0.0,59.5,1,0.75,HIBRIDO,22.0,0.0,0.0
07:49,382.4,21.45,22.0,22.0,21.45,0.0,0.55,0.0,0.0,59.5,1,0.75,HIBRIDO,22.0,0.0,0.0
07:50,382.7,21.47,22.0,22.0,21.47,0.0,0.53,0.0,0.0,59.5,1,0.75,HIBRIDO,22.0,0.0,0.0
07:51,387.3,21.71,22.0,22.0,21.71,0.0,0.29,0.0,0.0,59.5,1,0.75,HIBRIDO,22.0,0.0,0.0
07:52,387.9,21.74,22.0,22.0,21.74,0.0,0.26,0.0,0.0,59.5,1,0.75,HIBRIDO,22.0,0.0,0.0
07:53,381.7,21.41,22.0,22.0,21.41,0.0,0.59,0.0,0.0,59.5,1,0.75,HIBRIDO,22.0,0.0,0.0
07:54,382.3,21.44,22.0,22.0,21.44,0.0,0.56,0.0,0.0,59.5,1,0.75,HIBRIDO,22.0,0.0,0.0
07:55,398.5,22.31,22.0,22.0,22.0,0.0,0.0,0.31,0.0,59.5,1,0.75,100% SOLAR,22.0,0.0,0.0
07:56,404.4,22.63,22.0,22.0,22.0,0.0,0.0,0.63,0.0,59.5,1,0.75,100% SOLAR,22.0,0.0,0.0
07:57,414.1,23.15,22.0,22.0,22.0,0.0,0.0,1.15,0.0,59.5,1,0.75,100% SOLAR,22.0,0.0,0.0
07:58,429.2,23.96,22.0,22.0,22.0,0.0,0.0,1.96,0.0,59.5,1,0.75,100% SOLAR,22.0,0.0,0.0
07:59,441.4,24.61,22.0,22.0,22.0,0.0,0.0,2.61,0.0,59.6,1,0.75,100% SOLAR,22.0,0.0,0.0
08:00,440.7,24.57,20.0,20.0,20.0,0.0,0.0,4.57,0.0,59.7,1,0.75,100% SOLAR,20.0,0.0,0.0
08:01,427.3,23.86,20.0,20.0,20.0,0.0,0.0,3.86,0.0,59.7,1,0.75,100% SOLAR,20.0,0.0,0.0
08:02,425.4,23.76,20.0,20.0,20.0,0.0,0.0,3.76,0.0,59.8,1,0.75,100% SOLAR,20.0,0.0,0.0
08:03,437.4,24.39,20.0,20.0,20.0,0.0,0.0,4.39,0.0,59.8,1,0.75,100% SOLAR,20.0,0.0,0.0
08:04,452.9,25.22,20.0,20.0,20.0,0.0,0.0,5.22,0.0,59.9,1,0.75,100% SOLAR,20.0,0.0,0.0
08:05,472.1,26.23,20.0,20.0,20.0,0.0,0.0,6.23,0.0,60.0,1,0.75,100% SOLAR,20.0,0.0,0.0
08:06,472.6,26.26,20.0,20.0,20.0,0.0,0.0,6.26,0.0,60.1,1,0.75,100% SOLAR,20.0,0.0,0.0
08:07,484.8,26.91,20.0,20.0,20.0,0.0,0.0,6.91,0.0,60.2,1,0.75,100% SOLAR,20.0,0.0,0.0
08:08,489.9,27.17,20.0,20.0,20.0,0.0,0.0,7.17,0.0,60.3,1,0.75,100% SOLAR,20.0,0.0,0.0
08:09,497.1,27.55,20.0,20.0,20.0,0.0,0.0,7.55,0.0,60.5,1,0.75,100% SOLAR,20.0,0.0,0.0
08:10,490.4,27.2,20.0,20.0,20.0,0.0,0.0,7.2,0.0,60.6,1,0.75,100% SOLAR,20.0,0.0,0.0
08:11,483.5,26.84,20.0,20.0,20.0,0.0,0.0,6.84,0.0,60.7,1,0.75,100% SOLAR,20.0,0.0,0.0
08:12,484.5,26.89,20.0,20.0,20.0,0.0,0.0,6.89,0.0,60.8,1,0.75,100% SOLAR,20.0,0.0,0.0
08:13,470.3,26.14,20.0,20.0,20.0,0.0,0.0,6.14,0.0,60.9,1,0.75,100% SOLAR,20.0,0.0,0.0
08:14,467.4,25.99,20.0,20.0,20.0,0.0,0.0,5.99,0.0,61.0,1,0.75,100% SOLAR,20.0,0.0,0.0
08:15,477.2,26.51,20.0,20.0,20.0,0.0,0.0,6.51,0.0,61.1,1,0.75,100% SOLAR,20.0,0.0,0.0
08:16,476.8,26.48,20.0,20.0,20.0,0.0,0.0,6.48,0.0,61.2,1,0.75,100% SOLAR,20.0,0.0,0.0
08:17,467.1,25.97,20.0,20.0,20.0,0.0,0.0,5.97,0.0,61.3,1,0.75,100% SOLAR,20.0,0.0,0.0
08:18,468.9,26.07,20.0,20.0,20.0,0.0,0.0,6.07,0.0,61.4,1,0.75,100% SOLAR,20.0,0.0,0.0
08:19,457.6,25.47,20.0,20.0,20.0,0.0,0.0,5.47,0.0,61.5,1,0.75,100% SOLAR,20.0,0.0,0.0
08:20,465.2,25.87,0.0,0.0,0.0,0.0,0.0,25.87,0.0,61.9,1,0.75,OCIOSO,0.0,0.0,0.0
08:21,449.7,25.05,0.0,0.0,0.0,0.0,0.0,25.05,0.0,62.3,1,0.75,OCIOSO,0.0,0.0,0.0
08:22,448.4,24.98,0.0,0.0,0.0,0.0,0.0,24.98,0.0,62.6,1,0.75,OCIOSO,0.0,0.0,0.0
08:23,453.7,25.26,0.0,0.0,0.0,0.0,0.0,25.26,0.0,63.0,1,0.75,OCIOSO,0.0,0.0,0.0
08:24,437.7,24.41,0.0,0.0,0.0,0.0,0.0,24.41,0.0,63.4,1,0.75,OCIOSO,0.0,0.0,0.0
08:25,446.1,24.86,0.0,0.0,0.0,0.0,0.0,24.86,0.0,63.8,1,0.75,OCIOSO,0.0,0.0,0.0
08:26,434.1,24.22,0.0,0.0,0.0,0.0,0.0,24.22,0.0,64.2,1,0.75,OCIOSO,0.0,0.0,0.0
08:27,435.1,24.27,0.0,0.0,0.0,0.0,0.0,24.27,0.0,64.6,1,0.75,OCIOSO,0.0,0.0,0.0
08:28,419.4,23.44,0.0,0.0,0.0,0.0,0.0,23.44,0.0,64.9,1,0.75,OCIOSO,0.0,0.0,0.0
08:29,416.9,23.3,0.0,0.0,0.0,0.0,0.0,23.3,0.0,65.3,1,0.75,OCIOSO,0.0,0.0,0.0
08:30,407.5,22.8,0.0,0.0,0.0,0.0,0.0,22.8,0.0,65.7,1,0.75,OCIOSO,0.0,0.0,0.0
08:31,402.7,22.54,0.0,0.0,0.0,0.0,0.0,22.54,0.0,66.0,1,0.75,OCIOSO,0.0,0.0,0.0
08:32,415.8,23.24,0.0,0.0,0.0,0.0,0.0,23.24,0.0,66.4,1,0.75,OCIOSO,0.0,0.0,0.0
08:33,413.1,23.1,0.0,0.0,0.0,0.0,0.0,23.1,0.0,66.7,1,0.75,OCIOSO,0.0,0.0,0.0
08:34,426.1,23.79,0.0,0.0,0.0,0.0,0.0,23.79,0.0,67.1,1,0.75,OCIOSO,0.0,0.0,0.0
08:35,442.5,24.66,0.0,0.0,0.0,0.0,0.0,24.66,0.0,67.5,1,0.75,OCIOSO,0.0,0.0,0.0
08:36,434.4,24.23,0.0,0.0,0.0,0.0,0.0,24.23,0.0,67.9,1,0.75,OCIOSO,0.0,0.0,0.0
08:37,418.9,23.4,0.0,0.0,0.0,0.0,0.0,23.4,0.0,68.2,1,0.75,OCIOSO,0.0,0.0,0.0
08:38,400.4,22.42,0.0,0.0,0.0,0.0,0.0,22.42,0.0,68.6,1,0.75,OCIOSO,0.0,0.0,0.0
08:39,404.3,22.63,0.0,0.0,0.0,0.0,0.0,22.63,0.0,69.0,1,0.75,OCIOSO,0.0,0.0,0.0
08:40,428.2,23.9,0.0,0.0,0.0,0.0,0.0,23.9,0.0,69.3,1,0.75,OCIOSO,0.0,0.0,0.0
08:41,423.9,23.67,0.0,0.0,0.0,0.0,0.0,23.67,0.0,69.7,1,0.75,OCIOSO,0.0,0.0,0.0
08:42,432.7,24.14,0.0,0.0,0.0,0.0,0.0,24.14,0.0,70.1,1,0.75,OCIOSO,0.0,0.0,0.0
08:43,447.4,24.92,0.0,0.0,0.0,0.0,0.0,24.92,0.0,70.5,1,0.75,OCIOSO,0.0,0.0,0.0
08:44,456.4,25.4,0.0,0.0,0.0,0.0,0.0,25.4,0.0,70.9,1,0.75,OCIOSO,0.0,0.0,0.0
08:45,470.1,26.13,0.0,0.0,0.0,0.0,0.0,26.13,0.0,71.3,1,0.75,OCIOSO,0.0,0.0,0.0
08:46,492.6,27.32,0.0,0.0,0.0,0.0,0.0,27.32,0.0,71.7,1,0.75,OCIOSO,0.0,0.0,0.0
08:47,481.5,26.73,0.0,0.0,0.0,0.0,0.0,26.73,0.0,72.1,1,0.75,OCIOSO,0.0,0.0,0.0
08:48,462.2,25.71,0.0,0.0,0.0,0.0,0.0,25.71,0.0,72.5,1,0.75,OCIOSO,0.0,0.0,0.0
08:49,448.7,24.99,0.0,0.0,0.0,0.0,0.0,24.99,0.0,72.9,1,0.75,OCIOSO,0.0,0.0,0.0
08:50,433.8,24.2,0.0,0.0,0.0,0.0,0.0,24.2,0.0,73.3,1,0.75,OCIOSO,0.0,0.0,0.0
08:51,443.6,24.73,0.0,0.0,0.0,0.0,0.0,24.73,0.0,73.7,1,0.75,OCIOSO,0.0,0.0,0.0
08:52,448.7,25.0,0.0,0.0,0.0,0.0,0.0,25.0,0.0,74.1,1,0.75,OCIOSO,0.0,0.0,0.0
08:53,437.8,24.41,0.0,0.0,0.0,0.0,0.0,24.41,0.0,74.5,1,0.75,OCIOSO,0.0,0.0,0.0
08:54,449.1,25.02,0.0,0.0,0.0,0.0,0.0,25.02,0.0,74.9,1,0.75,OCIOSO,0.0,0.0,0.0
08:55,463.7,25.79,0.0,0.0,0.0,0.0,0.0,25.79,0.0,75.3,1,0.75,OCIOSO,0.0,0.0,0.0
08:56,450.3,25.08,0.0,0.0,0.0,0.0,0.0,25.08,0.0,75.6,1,0.75,OCIOSO,0.0,0.0,0.0
08:57,457.4,25.46,0.0,0.0,0.0,0.0,0.0,25.46,0.0,76.0,1,0.75,OCIOSO,0.0,0.0,0.0
08:58,471.3,26.19,0.0,0.0,0.0,0.0,0.0,26.19,0.0,76.5,1,0.75,OCIOSO,0.0,0.0,0.0
08:59,455.0,25.33,0.0,0.0,0.0,0.0,0.0,25.33,0.0,76.9,1,0.75,OCIOSO,0.0,0.0,0.0
09:00,472.4,26.25,0.0,0.0,0.0,0.0,0.0,26.25,0.0,77.3,1,0.75,OCIOSO,0.0,0.0,0.0
09:01,496.8,27.54,0.0,0.0,0.0,0.0,0.0,27.54,0.0,77.7,1,0.75,OCIOSO,0.0,0.0,0.0
09:02,480.1,26.66,0.0,0.0,0.0,0.0,0.0,26.66,0.0,78.1,1,0.75,OCIOSO,0.0,0.0,0.0
09:03,459.1,25.55,0.0,0.0,0.0,0.0,0.0,25.55,0.0,78.5,1,0.75,OCIOSO,0.0,0.0,0.0
09:04,452.0,25.17,0.0,0.0,0.0,0.0,0.0,25.17,0.0,78.9,1,0.75,OCIOSO,0.0,0.0,0.0
09:05,462.6,25.73,0.0,0.0,0.0,0.0,0.0,25.73,0.0,79.3,1,0.75,OCIOSO,0.0,0.0,0.0
09:06,487.1,27.03,0.0,0.0,0.0,0.0,0.0,27.03,0.0,79.7,1,0.75,OCIOSO,0.0,0.0,0.0
09:07,484.1,26.87,0.0,0.0,0.0,0.0,0.0,26.87,0.0,80.2,1,0.75,OCIOSO,0.0,0.0,0.0
09:08,496.8,27.54,22.0,22.0,22.0,0.0,0.0,5.54,0.0,80.2,1,0.75,100% SOLAR,22.0,0.0,0.0
09:09,477.7,26.53,22.0,22.0,22.0,0.0,0.0,4.53,0.0,80.3,1,0.75,100% SOLAR,22.0,0.0,0.0
09:10,489.2,27.14,22.0,22.0,22.0,0.0,0.0,5.14,0.0,80.4,1,0.75,100% SOLAR,22.0,0.0,0.0
09:11,497.6,27.58,22.0,22.0,22.0,0.0,0.0,5.58,0.0,80.5,1,0.75,100% SOLAR,22.0,0.0,0.0
09:12,479.6,26.63,22.0,22.0,22.0,0.0,0.0,4.63,0.0,80.6,1,0.75,100% SOLAR,22.0,0.0,0.0
09:13,495.3,27.46,22.0,22.0,22.0,0.0,0.0,5.46,0.0,80.6,1,0.75,100% SOLAR,22.0,0.0,0.0
09:14,515.1,28.5,22.0,22.0,22.0,0.0,0.0,6.5,0.0,80.7,1,0.75,100% SOLAR,22.0,0.0,0.0
09:15,522.2,28.87,22.0,22.0,22.0,0.0,0.0,6.87,0.0,80.8,1,0.75,100% SOLAR,22.0,0.0,0.0
09:16,504.9,27.96,22.0,22.0,22.0,0.0,0.0,5.96,0.0,80.9,1,0.75,100% SOLAR,22.0,0.0,0.0
09:17,531.7,29.37,22.0,22.0,22.0,0.0,0.0,7.37,0.0,81.1,1,0.75,100% SOLAR,22.0,0.0,0.0
09:18,548.4,30.23,22.0,22.0,22.0,0.0,0.0,8.23,0.0,81.2,1,0.75,100% SOLAR,22.0,0.0,0.0
09:19,542.5,29.93,22.0,22.0,22.0,0.0,0.0,7.93,0.0,81.3,1,0.75,100% SOLAR,22.0,0.0,0.0
09:20,540.9,29.84,22.0,22.0,22.0,0.0,0.0,7.84,0.0,81.4,1,0.75,100% SOLAR,22.0,0.0,0.0
09:21,536.1,29.6,22.0,22.0,22.0,0.0,0.0,7.6,0.0,81.6,1,0.75,100% SOLAR,22.0,0.0,0.0
09:22,538.5,29.72,22.0,22.0,22.0,0.0,0.0,7.72,0.0,81.7,1,0.75,100% SOLAR,22.0,0.0,0.0
09:23,532.1,29.39,22.0,22.0,22.0,0.0,0.0,7.39,0.0,81.8,1,0.75,100% SOLAR,22.0,0.0,0.0
09:24,552.5,30.45,22.0,22.0,22.0,0.0,0.0,8.45,0.0,81.9,1,0.75,100% SOLAR,22.0,0.0,0.0
09:25,571.6,31.44,22.0,22.0,22.0,0.0,0.0,9.44,0.0,82.1,1,0.75,100% SOLAR,22.0,0.0,0.0
09:26,552.7,30.46,22.0,22.0,22.0,0.0,0.0,8.46,0.0,82.2,1,0.75,100% SOLAR,22.0,0.0,0.0
09:27,579.3,31.83,22.0,22.0,22.0,0.0,0.0,9.83,0.0,82.4,1,0.75,100% SOLAR,22.0,0.0,0.0
09:28,588.6,32.31,22.0,22.0,22.0,0.0,0.0,10.31,0.0,82.5,1,0.75,100% SOLAR,22.0,0.0,0.0
09:29,608.3,33.33,22.0,22.0,22.0,0.0,0.0,11.33,0.0,82.7,1,0.75,100% SOLAR,22.0,0.0,0.0
09:30,621.6,34.01,22.0,22.0,22.0,0.0,0.0,12.01,0.0,82.9,1,0.75,100% SOLAR,22.0,0.0,0.0
09:31,620.3,33.94,22.0,22.0,22.0,0.0,0.0,11.94,0.0,83.1,1,0.75,100% SOLAR,22.0,0.0,0.0
09:32,635.1,34.7,22.0,22.0,22.0,0.0,0.0,12.7,0.0,83.3,1,0.75,100% SOLAR,22.0,0.0,0.0
09:33,662.6,36.1,22.0,22.0,22.0,0.0,0.0,14.1,0.0,83.5,1,0.75,100% SOLAR,22.0,0.0,0.0
09:34,652.3,35.57,22.0,22.0,22.0,0.0,0.0,13.57,0.0,83.7,1,0.75,100% SOLAR,22.0,0.0,0.0
09:35,671.4,36.54,22.0,22.0,22.0,0.0,0.0,14.54,0.0,83.9,1,0.75,100% SOLAR,22.0,0.0,0.0
09:36,675.7,36.76,22.0,22.0,22.0,0.0,0.0,14.76,0.0,84.2,1,0.75,100% SOLAR,22.0,0.0,0.0
09:37,677.0,36.82,22.0,22.0,22.0,0.0,0.0,14.82,0.0,84.4,1,0.75,100% SOLAR,22.0,0.0,0.0
09:38,675.6,36.75,22.0,22.0,22.0,0.0,0.0,14.75,0.0,84.6,1,0.75,100% SOLAR,22.0,0.0,0.0
09:39,690.6,37.51,22.0,22.0,22.0,0.0,0.0,15.51,0.0,84.9,1,0.75,100% SOLAR,22.0,0.0,0.0
09:40,679.9,36.97,22.0,22.0,22.0,0.0,0.0,14.97,0.0,85.1,1,0.75,100% SOLAR,22.0,0.0,0.0
09:41,701.8,38.07,22.0,22.0,22.0,0.0,0.0,16.07,0.0,85.4,1,0.75,100% SOLAR,22.0,0.0,0.0
09:42,722.5,39.11,22.0,22.0,22.0,0.0,0.0,17.11,0.0,85.6,1,0.75,100% SOLAR,22.0,0.0,0.0
09:43,701.5,38.06,22.0,22.0,22.0,0.0,0.0,16.06,0.0,85.9,1,0.75,100% SOLAR,22.0,0.0,0.0
09:44,725.2,39.24,22.0,22.0,22.0,0.0,0.0,17.24,0.0,86.1,1,0.75,100% SOLAR,22.0,0.0,0.0
09:45,712.9,38.63,22.0,22.0,22.0,0.0,0.0,16.63,0.0,86.4,1,0.75,100% SOLAR,22.0,0.0,0.0
09:46,713.1,38.64,22.0,22.0,22.0,0.0,0.0,16.64,0.0,86.7,1,0.75,100% SOLAR,22.0,0.0,0.0
09:47,721.5,39.06,22.0,22.0,22.0,0.0,0.0,17.06,0.0,86.9,1,0.75,100% SOLAR,22.0,0.0,0.0
09:48,716.8,38.82,22.0,22.0,22.0,0.0,0.0,16.82,0.0,87.2,1,0.75,100% SOLAR,22.0,0.0,0.0
09:49,691.9,37.57,22.0,22.0,22.0,0.0,0.0,15.57,0.0,87.4,1,0.75,100% SOLAR,22.0,0.0,0.0
09:50,714.1,38.69,22.0,22.0,22.0,0.0,0.0,16.69,0.0,87.7,1,0.75,100% SOLAR,22.0,0.0,0.0
09:51,697.8,37.87,22.0,22.0,22.0,0.0,0.0,15.87,0.0,88.0,1,0.75,100% SOLAR,22.0,0.0,0.0
09:52,683.2,37.13,22.0,22.0,22.0,0.0,0.0,15.13,0.0,88.2,1,0.75,100% SOLAR,22.0,0.0,0.0
09:53,702.4,38.1,22.0,22.0,22.0,0.0,0.0,16.1,0.0,88.4,1,0.75,100% SOLAR,22.0,0.0,0.0
09:54,695.1,37.73,22.0,22.0,22.0,0.0,0.0,15.73,0.0,88.7,1,0.75,100% SOLAR,22.0,0.0,0.0
09:55,719.2,38.94,22.0,22.0,22.0,0.0,0.0,16.94,0.0,89.0,1,0.75,100% SOLAR,22.0,0.0,0.0
09:56,733.0,39.63,22.0,22.0,22.0,0.0,0.0,17.63,0.0,89.2,1,0.75,100% SOLAR,22.0,0.0,0.0
09:57,721.9,39.08,22.0,22.0,22.0,0.0,0.0,17.08,0.0,89.5,1,0.75,100% SOLAR,22.0,0.0,0.0
09:58,695.0,37.73,22.0,22.0,22.0,0.0,0.0,15.73,0.0,89.7,1,0.75,100% SOLAR,22.0,0.0,0.0
09:59,723.3,39.15,22.0,22.0,22.0,0.0,0.0,17.15,0.0,90.0,1,0.75,100% SOLAR,22.0,0.0,0.0
10:00,700.8,38.02,22.0,22.0,22.0,0.0,0.0,16.02,0.0,90.3,1,0.75,100% SOLAR,22.0,0.0,0.0
10:01,715.7,38.77,22.0,22.0,22.0,0.0,0.0,16.77,0.0,90.5,1,0.75,100% SOLAR,22.0,0.0,0.0
10:02,716.9,38.83,22.0,22.0,22.0,0.0,0.0,16.83,0.0,90.8,1,0.75,100% SOLAR,22.0,0.0,0.0
10:03,734.1,39.69,22.0,22.0,22.0,0.0,0.0,17.69,0.0,91.1,1,0.75,100% SOLAR,22.0,0.0,0.0
10:04,747.4,40.35,22.0,22.0,22.0,0.0,0.0,18.35,0.0,91.4,1,0.75,100% SOLAR,22.0,0.0,0.0
10:05,758.0,40.88,22.0,22.0,22.0,0.0,0.0,18.88,0.0,91.6,1,0.75,100% SOLAR,22.0,0.0,0.0
10:06,759.4,40.94,22.0,22.0,22.0,0.0,0.0,18.94,0.0,91.9,1,0.75,100% SOLAR,22.0,0.0,0.0
10:07,778.9,41.91,22.0,22.0,22.0,0.0,0.0,19.91,0.0,92.3,1,0.75,100% SOLAR,22.0,0.0,0.0
10:08,756.3,40.79,22.0,22.0,22.0,0.0,0.0,18.79,0.0,92.6,1,0.75,100% SOLAR,22.0,0.0,0.0
10:09,741.3,40.05,22.0,22.0,22.0,0.0,0.0,18.05,0.0,92.8,1,0.75,100% SOLAR,22.0,0.0,0.0
10:10,754.8,40.71,22.0,22.0,22.0,0.0,0.0,18.71,0.0,93.1,1,0.75,100% SOLAR,22.0,0.0,0.0
10:11,744.8,40.22,22.0,22.0,22.0,0.0,0.0,18.22,0.0,93.4,1,0.75,100% SOLAR,22.0,0.0,0.0
10:12,751.5,40.55,22.0,22.0,22.0,0.0,0.0,18.55,0.0,93.7,1,0.75,100% SOLAR,22.0,0.0,0.0
10:13,751.7,40.56,22.0,22.0,22.0,0.0,0.0,18.56,0.0,94.0,1,0.75,100% SOLAR,22.0,0.0,0.0
10:14,755.3,40.74,22.0,22.0,22.0,0.0,0.0,18.74,0.0,94.3,1,0.75,100% SOLAR,22.0,0.0,0.0
10:15,752.5,40.6,22.0,22.0,22.0,0.0,0.0,18.6,0.0,94.6,1,0.75,100% SOLAR,22.0,0.0,0.0
10:16,769.4,41.44,22.0,22.0,22.0,0.0,0.0,19.44,0.0,94.9,1,0.75,100% SOLAR,22.0,0.0,0.0
10:17,760.7,41.01,22.0,22.0,22.0,0.0,0.0,19.01,0.0,95.2,1,0.75,100% SOLAR,22.0,0.0,0.0
10:18,774.9,41.71,22.0,22.0,22.0,0.0,0.0,19.71,0.0,95.5,1,0.75,100% SOLAR,22.0,0.0,0.0
10:19,762.5,41.1,22.0,22.0,22.0,0.0,0.0,19.1,0.0,95.8,1,0.75,100% SOLAR,22.0,0.0,0.0
10:20,748.7,40.42,22.0,22.0,22.0,0.0,0.0,18.42,0.0,96.1,1,0.75,100% SOLAR,22.0,0.0,0.0
10:21,726.8,39.32,22.0,22.0,22.0,0.0,0.0,17.32,0.0,96.3,1,0.75,100% SOLAR,22.0,0.0,0.0
10:22,709.2,38.44,22.0,22.0,22.0,0.0,0.0,16.44,0.0,96.6,1,0.75,100% SOLAR,22.0,0.0,0.0
10:23,687.0,37.33,22.0,22.0,22.0,0.0,0.0,15.33,0.0,96.8,1,0.75,100% SOLAR,22.0,0.0,0.0
10:24,690.6,37.51,22.0,22.0,22.0,0.0,0.0,15.51,0.0,97.1,1,0.75,100% SOLAR,22.0,0.0,0.0
10:25,708.5,38.41,22.0,22.0,22.0,0.0,0.0,16.41,0.0,97.3,1,0.75,100% SOLAR,22.0,0.0,0.0
10:26,690.2,37.49,22.0,22.0,22.0,0.0,0.0,15.49,0.0,97.6,1,0.75,100% SOLAR,22.0,0.0,0.0
10:27,673.8,36.66,22.0,22.0,22.0,0.0,0.0,14.66,0.0,97.8,1,0.75,100% SOLAR,22.0,0.0,0.0
10:28,674.1,36.68,22.0,22.0,22.0,0.0,0.0,14.68,0.0,98.0,1,0.75,100% SOLAR,22.0,0.0,0.0
10:29,689.7,37.46,22.0,22.0,22.0,0.0,0.0,15.46,0.0,98.3,1,0.75,100% SOLAR,22.0,0.0,0.0
10:30,721.2,39.05,22.0,22.0,22.0,0.0,0.0,17.05,0.0,98.6,1,0.75,100% SOLAR,22.0,0.0,0.0
10:31,724.2,39.19,22.0,22.0,22.0,0.0,0.0,17.19,0.0,98.8,1,0.75,100% SOLAR,22.0,0.0,0.0
10:32,711.8,38.58,22.0,22.0,22.0,0.0,0.0,16.58,0.0,99.1,1,0.75,100% SOLAR,22.0,0.0,0.0
10:33,687.8,37.37,22.0,22.0,22.0,0.0,0.0,15.37,0.0,99.3,1,0.75,100% SOLAR,22.0,0.0,0.0
10:34,669.5,36.45,22.0,22.0,22.0,0.0,0.0,14.45,0.0,99.6,1,0.75,100% SOLAR,22.0,0.0,0.0
10:35,653.4,35.63,22.0,22.0,22.0,0.0,0.0,13.63,0.0,99.8,1,0.75,100% SOLAR,22.0,0.0,0.0
10:36,634.0,34.64,22.0,22.0,22.0,0.0,0.0,12.64,0.0,100.0,1,0.75,100% SOLAR,22.0,0.0,0.0
10:37,604.0,33.11,22.0,22.0,22.0,0.0,0.0,2.13,8.98,100.0,1,0.75,100% SOLAR,22.0,0.0,0.0
10:38,607.3,33.28,22.0,22.0,22.0,0.0,0.0,0.0,11.28,100.0,1,0.75,100% SOLAR,22.0,0.0,0.0
10:39,593.9,32.59,22.0,22.0,22.0,0.0,0.0,0.0,10.59,100.0,1,0.75,100% SOLAR,22.0,0.0,0.0
10:40,625.5,34.21,22.0,22.0,22.0,0.0,0.0,0.0,12.21,100.0,1,0.75,100% SOLAR,22.0,0.0,0.0
10:41,630.1,34.44,22.0,22.0,22.0,0.0,0.0,0.0,12.44,100.0,1,0.75,100% SOLAR,22.0,0.0,0.0
10:42,643.9,35.15,22.0,22.0,22.0,0.0,0.0,0.0,13.15,100.0,1,0.75,100% SOLAR,22.0,0.0,0.0
10:43,620.8,33.97,22.0,22.0,22.0,0.0,0.0,0.0,11.97,100.0,1,0.75,100% SOLAR,22.0,0.0,0.0
10:44,645.8,35.24,22.0,22.0,22.0,0.0,0.0,0.0,13.24,100.0,1,0.75,100% SOLAR,22.0,0.0,0.0
10:45,646.3,35.27,22.0,22.0,22.0,0.0,0.0,0.0,13.27,100.0,1,0.75,100% SOLAR,22.0,0.0,0.0
10:46,671.6,36.55,22.0,22.0,22.0,0.0,0.0,0.0,14.55,100.0,1,0.75,100% SOLAR,22.0,0.0,0.0
10:47,677.6,36.85,22.0,22.0,22.0,0.0,0.0,0.0,14.85,100.0,1,0.75,100% SOLAR,22.0,0.0,0.0
10:48,676.7,36.81,22.0,22.0,22.0,0.0,0.0,0.0,14.81,100.0,1,0.75,100% SOLAR,22.0,0.0,0.0
10:49,673.8,36.66,22.0,22.0,22.0,0.0,0.0,0.0,14.66,100.0,1,0.75,100% SOLAR,22.0,0.0,0.0
10:50,654.2,35.67,22.0,22.0,22.0,0.0,0.0,0.0,13.67,100.0,1,0.75,100% SOLAR,22.0,0.0,0.0
10:51,625.7,34.22,22.0,22.0,22.0,0.0,0.0,0.0,12.22,100.0,1,0.75,100% SOLAR,22.0,0.0,0.0
10:52,655.7,35.75,22.0,22.0,22.0,0.0,0.0,0.0,13.75,100.0,1,0.75,100% SOLAR,22.0,0.0,0.0
10:53,655.2,35.72,22.0,22.0,22.0,0.0,0.0,0.0,13.72,100.0,1,0.75,100% SOLAR,22.0,0.0,0.0
10:54,677.5,36.85,22.0,22.0,22.0,0.0,0.0,0.0,14.85,100.0,1,0.75,100% SOLAR,22.0,0.0,0.0
10:55,671.9,36.57,29.0,29.0,29.0,0.0,0.0,0.0,7.57,100.0,1,0.75,100% SOLAR,22.0,7.0,0.0
10:56,644.7,35.18,29.0,29.0,29.0,0.0,0.0,0.0,6.18,100.0,1,0.75,100% SOLAR,22.0,7.0,0.0
10:57,654.2,35.67,29.0,29.0,29.0,0.0,0.0,0.0,6.67,100.0,1,0.75,100% SOLAR,22.0,7.0,0.0
10:58,625.5,34.21,29.0,29.0,29.0,0.0,0.0,0.0,5.21,100.0,1,0.75,100% SOLAR,22.0,7.0,0.0
10:59,603.0,33.06,29.0,29.0,29.0,0.0,0.0,0.0,4.06,100.0,1,0.75,100% SOLAR,22.0,7.0,0.0
11:00,608.0,33.31,29.0,29.0,29.0,0.0,0.0,0.0,4.31,100.0,1,0.75,100% SOLAR,22.0,7.0,0.0
11:01,595.8,32.68,29.0,29.0,29.0,0.0,0.0,0.0,3.68,100.0,1,0.75,100% SOLAR,22.0,7.0,0.0
11:02,629.5,34.41,7.0,7.0,7.0,0.0,0.0,0.0,27.41,100.0,1,0.75,100% SOLAR,0.0,7.0,0.0
11:03,604.9,33.15,7.0,7.0,7.0,0.0,0.0,0.0,26.15,100.0,1,0.75,100% SOLAR,0.0,7.0,0.0
11:04,623.3,34.1,7.0,7.0,7.0,0.0,0.0,0.0,27.1,100.0,1,0.75,100% SOLAR,0.0,7.0,0.0
11:05,631.3,34.5,7.0,7.0,7.0,0.0,0.0,0.0,27.5,100.0,1,0.75,100% SOLAR,0.0,7.0,0.0
11:06,651.6,35.53,7.0,7.0,7.0,0.0,0.0,0.0,28.53,100.0,1,0.75,100% SOLAR,0.0,7.0,0.0
11:07,633.9,34.64,7.0,7.0,7.0,0.0,0.0,0.0,27.64,100.0,1,0.75,100% SOLAR,0.0,7.0,0.0
11:08,636.2,34.75,7.0,7.0,7.0,0.0,0.0,0.0,27.75,100.0,1,0.75,100% SOLAR,0.0,7.0,0.0
11:09,633.7,34.62,29.0,29.0,29.0,0.0,0.0,0.0,5.62,100.0,1,0.75,100% SOLAR,22.0,7.0,0.0
11:10,630.5,34.46,29.0,29.0,29.0,0.0,0.0,0.0,5.46,100.0,1,0.75,100% SOLAR,22.0,7.0,0.0
11:11,655.6,35.74,29.0,29.0,29.0,0.0,0.0,0.0,6.74,100.0,1,0.75,100% SOLAR,22.0,7.0,0.0
11:12,689.4,37.45,29.0,29.0,29.0,0.0,0.0,0.0,8.45,100.0,1,0.75,100% SOLAR,22.0,7.0,0.0
11:13,677.1,36.83,29.0,29.0,29.0,0.0,0.0,0.0,7.83,100.0,1,0.75,100% SOLAR,22.0,7.0,0.0
11:14,686.0,37.28,29.0,29.0,29.0,0.0,0.0,0.0,8.28,100.0,1,0.75,100% SOLAR,22.0,7.0,0.0
11:15,694.2,37.69,29.0,29.0,29.0,0.0,0.0,0.0,8.69,100.0,1,0.75,100% SOLAR,22.0,7.0,0.0
11:16,711.2,38.54,29.0,29.0,29.0,0.0,0.0,0.0,9.54,100.0,1,0.75,100% SOLAR,22.0,7.0,0.0
11:17,742.4,40.1,29.0,29.0,29.0,0.0,0.0,0.0,11.1,100.0,1,0.75,100% SOLAR,22.0,7.0,0.0
11:18,723.3,39.15,29.0,29.0,29.0,0.0,0.0,0.0,10.15,100.0,1,0.75,100% SOLAR,22.0,7.0,0.0
11:19,704.3,38.2,29.0,29.0,29.0,0.0,0.0,0.0,9.2,100.0,1,0.75,100% SOLAR,22.0,7.0,0.0
11:20,715.9,38.78,29.0,29.0,29.0,0.0,0.0,0.0,9.78,100.0,1,0.75,100% SOLAR,22.0,7.0,0.0
11:21,693.2,37.64,29.0,29.0,29.0,0.0,0.0,0.0,8.64,100.0,1,0.75,100% SOLAR,22.0,7.0,0.0
11:22,671.6,36.55,29.0,29.0,29.0,0.0,0.0,0.0,7.55,100.0,1,0.75,100% SOLAR,22.0,7.0,0.0
11:23,643.2,35.11,29.0,29.0,29.0,0.0,0.0,0.0,6.11,100.0,1,0.75,100% SOLAR,22.0,7.0,0.0
11:24,609.8,33.4,29.0,29.0,29.0,0.0,0.0,0.0,4.4,100.0,1,0.75,100% SOLAR,22.0,7.0,0.0
11:25,607.0,33.26,29.0,29.0,29.0,0.0,0.0,0.0,4.26,100.0,1,0.75,100% SOLAR,22.0,7.0,0.0
11:26,613.9,33.61,29.0,29.0,29.0,0.0,0.0,0.0,4.61,100.0,1,0.75,100% SOLAR,22.0,7.0,0.0
11:27,600.1,32.91,29.0,29.0,29.0,0.0,0.0,0.0,3.91,100.0,1,0.75,100% SOLAR,22.0,7.0,0.0
11:28,582.2,31.98,29.0,29.0,29.0,0.0,0.0,0.0,2.98,100.0,1,0.75,100% SOLAR,22.0,7.0,0.0
11:29,596.9,32.74,29.0,29.0,29.0,0.0,0.0,0.0,3.74,100.0,1,0.75,100% SOLAR,22.0,7.0,0.0
11:30,611.3,33.48,29.0,29.0,29.0,0.0,0.0,0.0,4.48,100.0,1,0.75,100% SOLAR,22.0,7.0,0.0
11:31,608.7,33.35,29.0,29.0,29.0,0.0,0.0,0.0,4.35,100.0,1,0.75,100% SOLAR,22.0,7.0,0.0
11:32,622.0,34.03,29.0,29.0,29.0,0.0,0.0,0.0,5.03,100.0,1,0.75,100% SOLAR,22.0,7.0,0.0
11:33,651.7,35.54,29.0,29.0,29.0,0.0,0.0,0.0,6.54,100.0,1,0.75,100% SOLAR,22.0,7.0,0.0
11:34,672.1,36.57,29.0,29.0,29.0,0.0,0.0,0.0,7.57,100.0,1,0.75,100% SOLAR,22.0,7.0,0.0
11:35,681.2,37.03,29.0,29.0,29.0,0.0,0.0,0.0,8.03,100.0,1,0.75,100% SOLAR,22.0,7.0,0.0
11:36,692.8,37.62,29.0,29.0,29.0,0.0,0.0,0.0,8.62,100.0,1,0.75,100% SOLAR,22.0,7.0,0.0
11:37,723.2,39.14,29.0,29.0,29.0,0.0,0.0,0.0,10.14,100.0,1,0.75,100% SOLAR,22.0,7.0,0.0
11:38,718.5,38.91,29.0,29.0,29.0,0.0,0.0,0.0,9.91,100.0,1,0.75,100% SOLAR,22.0,7.0,0.0
11:39,722.1,39.09,29.0,29.0,29.0,0.0,0.0,0.0,10.09,100.0,1,0.75,100% SOLAR,22.0,7.0,0.0
11:40,732.7,39.62,29.0,29.0,29.0,0.0,0.0,0.0,10.62,100.0,1,0.75,100% SOLAR,22.0,7.0,0.0
11:41,761.5,41.05,29.0,29.0,29.0,0.0,0.0,0.0,12.05,100.0,1,0.75,100% SOLAR,22.0,7.0,0.0
11:42,784.6,42.19,29.0,29.0,29.0,0.0,0.0,0.0,13.19,100.0,1,0.75,100% SOLAR,22.0,7.0,0.0
11:43,755.3,40.74,29.0,29.0,29.0,0.0,0.0,0.0,11.74,100.0,1,0.75,100% SOLAR,22.0,7.0,0.0
11:44,732.5,39.61,29.0,29.0,29.0,0.0,0.0,0.0,10.61,100.0,1,0.75,100% SOLAR,22.0,7.0,0.0
11:45,719.6,38.96,29.0,29.0,29.0,0.0,0.0,0.0,9.96,100.0,1,0.75,100% SOLAR,22.0,7.0,0.0
11:46,737.2,39.84,29.0,29.0,29.0,0.0,0.0,0.0,10.84,100.0,1,0.75,100% SOLAR,22.0,7.0,0.0
11:47,742.4,40.1,29.0,29.0,29.0,0.0,0.0,0.0,11.1,100.0,1,0.75,100% SOLAR,22.0,7.0,0.0
11:48,728.1,39.39,29.0,29.0,29.0,0.0,0.0,0.0,10.39,100.0,1,0.75,100% SOLAR,22.0,7.0,0.0
11:49,702.3,38.1,29.0,29.0,29.0,0.0,0.0,0.0,9.1,100.0,1,0.75,100% SOLAR,22.0,7.0,0.0
11:50,715.7,38.77,29.0,29.0,29.0,0.0,0.0,0.0,9.77,100.0,1,0.75,100% SOLAR,22.0,7.0,0.0
11:51,730.0,39.48,29.0,29.0,29.0,0.0,0.0,0.0,10.48,100.0,1,0.75,100% SOLAR,22.0,7.0,0.0
11:52,761.1,41.03,29.0,29.0,29.0,0.0,0.0,0.0,12.03,100.0,1,0.75,100% SOLAR,22.0,7.0,0.0
11:53,761.4,41.05,29.0,29.0,29.0,0.0,0.0,0.0,12.05,100.0,1,0.75,100% SOLAR,22.0,7.0,0.0
11:54,761.3,41.04,29.0,29.0,29.0,0.0,0.0,0.0,12.04,100.0,1,0.75,100% SOLAR,22.0,7.0,0.0
11:55,732.3,39.6,29.0,29.0,29.0,0.0,0.0,0.0,10.6,100.0,1,0.75,100% SOLAR,22.0,7.0,0.0
11:56,700.4,38.0,29.0,29.0,29.0,0.0,0.0,0.0,9.0,100.0,1,0.75,100% SOLAR,22.0,7.0,0.0
11:57,695.9,37.78,29.0,29.0,29.0,0.0,0.0,0.0,8.78,100.0,1,0.75,100% SOLAR,22.0,7.0,0.0
11:58,683.7,37.16,29.0,29.0,29.0,0.0,0.0,0.0,8.16,100.0,1,0.75,100% SOLAR,22.0,7.0,0.0
11:59,666.5,36.29,29.0,29.0,29.0,0.0,0.0,0.0,7.29,100.0,1,0.75,100% SOLAR,22.0,7.0,0.0
12:00,638.1,34.85,29.0,29.0,29.0,0.0,0.0,0.0,5.85,100.0,1,0.75,100% SOLAR,22.0,7.0,0.0
12:01,670.6,36.5,29.0,29.0,29.0,0.0,0.0,0.0,7.5,100.0,1,0.75,100% SOLAR,22.0,7.0,0.0
12:02,694.2,37.69,29.0,29.0,29.0,0.0,0.0,0.0,8.69,100.0,1,0.75,100% SOLAR,22.0,7.0,0.0
12:03,699.6,37.96,29.0,29.0,29.0,0.0,0.0,0.0,8.96,100.0,1,0.75,100% SOLAR,22.0,7.0,0.0
12:04,731.3,39.55,29.0,29.0,29.0,0.0,0.0,0.0,10.55,100.0,1,0.75,100% SOLAR,22.0,7.0,0.0
12:05,766.4,41.29,29.0,29.0,29.0,0.0,0.0,0.0,12.29,100.0,1,0.75,100% SOLAR,22.0,7.0,0.0
12:06,778.5,41.89,29.0,29.0,29.0,0.0,0.0,0.0,12.89,100.0,1,0.75,100% SOLAR,22.0,7.0,0.0
12:07,762.5,41.1,29.0,29.0,29.0,0.0,0.0,0.0,12.1,100.0,1,0.75,100% SOLAR,22.0,7.0,0.0
12:08,730.5,39.51,29.0,29.0,29.0,0.0,0.0,0.0,10.51,100.0,1,0.75,100% SOLAR,22.0,7.0,0.0
12:09,748.5,40.4,29.0,29.0,29.0,0.0,0.0,0.0,11.4,100.0,1,0.75,100% SOLAR,22.0,7.0,0.0
12:10,746.5,40.3,29.0,29.0,29.0,0.0,0.0,0.0,11.3,100.0,1,0.75,100% SOLAR,22.0,7.0,0.0
12:11,757.1,40.83,29.0,29.0,29.0,0.0,0.0,0.0,11.83,100.0,1,0.75,100% SOLAR,22.0,7.0,0.0
12:12,786.3,42.27,29.0,29.0,29.0,0.0,0.0,0.0,13.27,100.0,1,0.75,100% SOLAR,22.0,7.0,0.0
12:13,764.1,41.18,79.0,79.0,41.18,0.0,37.82,0.0,0.0,100.0,1,0.75,HIBRIDO,22.0,7.0,50.0
12:14,770.0,41.47,79.0,79.0,41.47,0.0,37.53,0.0,0.0,100.0,1,0.75,HIBRIDO,22.0,7.0,50.0
12:15,779.5,41.94,79.0,79.0,41.94,0.0,37.06,0.0,0.0,100.0,1,0.75,HIBRIDO,22.0,7.0,50.0
12:16,778.9,41.91,57.0,57.0,41.91,0.0,15.09,0.0,0.0,100.0,1,0.75,HIBRIDO,0.0,7.0,50.0
12:17,750.3,40.49,57.0,57.0,40.49,0.0,16.51,0.0,0.0,100.0,1,0.75,HIBRIDO,0.0,7.0,50.0
12:18,739.6,39.96,57.0,57.0,39.96,0.0,17.04,0.0,0.0,100.0,1,0.75,HIBRIDO,0.0,7.0,50.0
12:19,727.9,39.38,57.0,57.0,39.38,0.0,17.62,0.0,0.0,100.0,1,0.75,HIBRIDO,0.0,7.0,50.0
12:20,739.7,39.97,57.0,57.0,39.97,0.0,17.03,0.0,0.0,100.0,1,0.75,HIBRIDO,0.0,7.0,50.0
12:21,764.7,41.21,57.0,57.0,41.21,0.0,15.79,0.0,0.0,100.0,1,0.75,HIBRIDO,0.0,7.0,50.0
12:22,752.7,40.61,57.0,57.0,40.61,0.0,16.39,0.0,0.0,100.0,1,0.75,HIBRIDO,0.0,7.0,50.0
12:23,766.1,41.28,57.0,57.0,41.28,0.0,15.72,0.0,0.0,100.0,1,0.75,HIBRIDO,0.0,7.0,50.0
12:24,751.2,40.54,57.0,57.0,40.54,0.0,16.46,0.0,0.0,100.0,1,0.75,HIBRIDO,0.0,7.0,50.0
12:25,782.2,42.07,57.0,57.0,42.07,0.0,14.93,0.0,0.0,100.0,1,0.75,HIBRIDO,0.0,7.0,50.0
12:26,804.0,43.14,57.0,57.0,43.14,0.0,13.86,0.0,0.0,100.0,1,0.75,HIBRIDO,0.0,7.0,50.0
12:27,807.4,43.31,57.0,57.0,43.31,0.0,13.69,0.0,0.0,100.0,1,0.75,HIBRIDO,0.0,7.0,50.0
12:28,804.0,43.14,57.0,57.0,43.14,0.0,13.86,0.0,0.0,100.0,1,0.75,HIBRIDO,0.0,7.0,50.0
12:29,790.9,42.5,57.0,57.0,42.5,0.0,14.5,0.0,0.0,100.0,1,0.75,HIBRIDO,0.0,7.0,50.0
12:30,778.3,41.88,57.0,57.0,41.88,0.0,15.12,0.0,0.0,100.0,1,0.75,HIBRIDO,0.0,7.0,50.0
12:31,810.9,43.48,57.0,57.0,43.48,0.0,13.52,0.0,0.0,100.0,1,0.75,HIBRIDO,0.0,7.0,50.0
12:32,804.0,43.14,57.0,57.0,43.14,0.0,13.86,0.0,0.0,100.0,1,0.75,HIBRIDO,0.0,7.0,50.0
12:33,804.8,43.18,57.0,57.0,43.18,0.0,13.82,0.0,0.0,100.0,1,0.75,HIBRIDO,0.0,7.0,50.0
12:34,838.6,44.83,57.0,57.0,44.83,0.0,12.17,0.0,0.0,100.0,1,0.75,HIBRIDO,0.0,7.0,50.0
12:35,849.3,45.35,57.0,57.0,45.35,0.0,11.65,0.0,0.0,100.0,1,0.75,HIBRIDO,0.0,7.0,50.0
12:36,852.0,45.48,57.0,57.0,45.48,0.0,11.52,0.0,0.0,100.0,1,0.75,HIBRIDO,0.0,7.0,50.0
12:37,845.6,45.17,57.0,57.0,45.17,0.0,11.83,0.0,0.0,100.0,1,0.75,HIBRIDO,0.0,7.0,50.0
12:38,823.5,44.1,57.0,57.0,44.1,0.0,12.9,0.0,0.0,100.0,1,0.75,HIBRIDO,0.0,7.0,50.0
12:39,813.5,43.61,57.0,57.0,43.61,0.0,13.39,0.0,0.0,100.0,1,0.75,HIBRIDO,0.0,7.0,50.0
12:40,831.0,44.46,57.0,57.0,44.46,0.0,12.54,0.0,0.0,100.0,1,0.75,HIBRIDO,0.0,7.0,50.0
12:41,839.4,44.87,57.0,57.0,44.87,0.0,12.13,0.0,0.0,100.0,1,0.75,HIBRIDO,0.0,7.0,50.0
12:42,857.1,45.73,57.0,57.0,45.73,0.0,11.27,0.0,0.0,100.0,1,0.75,HIBRIDO,0.0,7.0,50.0
12:43,836.0,44.71,57.0,57.0,44.71,0.0,12.29,0.0,0.0,100.0,1,0.75,HIBRIDO,0.0,7.0,50.0
12:44,839.0,44.85,57.0,57.0,44.85,0.0,12.15,0.0,0.0,100.0,1,0.75,HIBRIDO,0.0,7.0,50.0
12:45,868.3,46.27,57.0,57.0,46.27,0.0,10.73,0.0,0.0,100.0,1,0.75,HIBRIDO,0.0,7.0,50.0
12:46,863.6,46.04,57.0,57.0,46.04,0.0,10.96,0.0,0.0,100.0,1,0.75,HIBRIDO,0.0,7.0,50.0
12:47,876.8,46.68,57.0,57.0,46.68,0.0,10.32,0.0,0.0,100.0,1,0.75,HIBRIDO,0.0,7.0,50.0
12:48,850.1,45.39,79.0,79.0,45.39,0.0,33.61,0.0,0.0,100.0,1,0.75,HIBRIDO,22.0,7.0,50.0
12:49,882.4,46.95,79.0,79.0,46.95,0.0,32.05,0.0,0.0,100.0,1,0.75,HIBRIDO,22.0,7.0,50.0
12:50,889.4,47.29,79.0,79.0,47.29,0.0,31.71,0.0,0.0,100.0,1,0.75,HIBRIDO,22.0,7.0,50.0
12:51,870.8,46.39,79.0,79.0,46.39,0.0,32.61,0.0,0.0,100.0,1,0.75,HIBRIDO,22.0,7.0,50.0
12:52,846.6,45.22,79.0,79.0,45.22,0.0,33.78,0.0,0.0,100.0,1,0.75,HIBRIDO,22.0,7.0,50.0
12:53,849.5,45.36,79.0,79.0,45.36,0.0,33.64,0.0,0.0,100.0,1,0.75,HIBRIDO,22.0,7.0,50.0
12:54,852.6,45.51,79.0,79.0,45.51,0.0,33.49,0.0,0.0,100.0,1,0.75,HIBRIDO,22.0,7.0,50.0
12:55,823.9,44.12,79.0,79.0,44.12,0.0,34.88,0.0,0.0,100.0,1,0.75,HIBRIDO,22.0,7.0,50.0
12:56,857.2,45.74,79.0,79.0,45.74,0.0,33.26,0.0,0.0,100.0,1,0.75,HIBRIDO,22.0,7.0,50.0
12:57,885.1,47.08,79.0,79.0,47.08,0.0,31.92,0.0,0.0,100.0,1,0.75,HIBRIDO,22.0,7.0,50.0
12:58,881.7,46.92,79.0,79.0,46.92,0.0,32.08,0.0,0.0,100.0,1,0.75,HIBRIDO,22.0,7.0,50.0
12:59,854.7,45.62,79.0,79.0,45.62,0.0,33.38,0.0,0.0,100.0,1,0.75,HIBRIDO,22.0,7.0,50.0
13:00,876.9,46.69,79.0,79.0,46.69,0.0,32.31,0.0,0.0,100.0,1,0.75,HIBRIDO,22.0,7.0,50.0
13:01,876.1,46.65,79.0,79.0,46.65,0.0,32.35,0.0,0.0,100.0,1,0.75,HIBRIDO,22.0,7.0,50.0
13:02,890.2,47.33,79.0,79.0,47.33,0.0,31.67,0.0,0.0,100.0,1,0.75,HIBRIDO,22.0,7.0,50.0
13:03,890.1,47.32,79.0,79.0,47.32,0.0,31.68,0.0,0.0,100.0,1,0.75,HIBRIDO,22.0,7.0,50.0
13:04,873.8,46.54,79.0,79.0,46.54,0.0,32.46,0.0,0.0,100.0,1,0.75,HIBRIDO,22.0,7.0,50.0
13:05,895.9,47.6,79.0,77.6,47.6,30.0,0.0,0.0,0.0,99.5,0,0.75,ILHADO,22.0,7.0,48.6
13:06,928.0,49.13,79.0,79.0,49.13,29.87,0.0,0.0,0.0,99.0,0,0.75,ILHADO,22.0,7.0,50.0
13:07,909.6,48.26,79.0,78.26,48.26,30.0,0.0,0.0,0.0,98.5,0,0.75,ILHADO,22.0,7.0,49.26
13:08,912.3,48.38,79.0,78.38,48.38,30.0,0.0,0.0,0.0,98.0,0,0.75,ILHADO,22.0,6.38,50.0
13:09,903.5,47.96,79.0,77.96,47.96,30.0,0.0,0.0,0.0,97.5,0,0.75,ILHADO,22.0,5.96,50.0
13:10,931.3,49.29,79.0,79.0,49.29,29.71,0.0,0.0,0.0,97.0,0,0.75,ILHADO,22.0,7.0,50.0
13:11,931.0,49.28,79.0,79.0,49.28,29.72,0.0,0.0,0.0,96.5,0,0.75,ILHADO,22.0,7.0,50.0
13:12,955.8,50.45,79.0,79.0,50.45,28.55,0.0,0.0,0.0,96.0,0,0.75,ILHADO,22.0,7.0,50.0
13:13,970.6,51.15,79.0,79.0,51.15,27.85,0.0,0.0,0.0,95.6,0,0.75,ILHADO,22.0,7.0,50.0
13:14,954.4,50.39,72.0,72.0,50.39,21.61,0.0,0.0,0.0,95.2,0,0.75,ILHADO,22.0,0.0,50.0
13:15,968.6,51.06,72.0,72.0,51.06,20.94,0.0,0.0,0.0,94.9,0,0.75,ILHADO,22.0,0.0,50.0
13:16,961.8,50.73,72.0,72.0,50.73,21.27,0.0,0.0,0.0,94.5,0,0.75,ILHADO,22.0,0.0,50.0
13:17,966.5,50.96,72.0,72.0,50.96,21.04,0.0,0.0,0.0,94.2,0,0.75,ILHADO,22.0,0.0,50.0
13:18,965.4,50.91,72.0,72.0,50.91,21.09,0.0,0.0,0.0,93.8,0,0.75,ILHADO,22.0,0.0,50.0
13:19,964.3,50.85,72.0,72.0,50.85,21.15,0.0,0.0,0.0,93.5,0,0.75,ILHADO,22.0,0.0,50.0
13:20,948.5,50.11,72.0,72.0,50.11,21.89,0.0,0.0,0.0,93.1,0,0.75,ILHADO,22.0,0.0,50.0
13:21,933.8,49.41,72.0,72.0,49.41,22.59,0.0,0.0,0.0,92.7,0,0.75,ILHADO,22.0,0.0,50.0
13:22,938.6,49.64,72.0,72.0,49.64,22.36,0.0,0.0,0.0,92.3,0,0.75,ILHADO,22.0,0.0,50.0
13:23,959.7,50.64,72.0,72.0,50.64,21.36,0.0,0.0,0.0,92.0,0,0.75,ILHADO,22.0,0.0,50.0
13:24,957.8,50.55,72.0,72.0,50.55,21.45,0.0,0.0,0.0,91.6,0,0.75,ILHADO,22.0,0.0,50.0
13:25,933.1,49.38,72.0,72.0,49.38,22.62,0.0,0.0,0.0,91.2,0,0.75,ILHADO,22.0,0.0,50.0
13:26,934.5,49.44,72.0,72.0,49.44,22.56,0.0,0.0,0.0,90.9,0,0.75,ILHADO,22.0,0.0,50.0
13:27,922.9,48.89,72.0,72.0,48.89,23.11,0.0,0.0,0.0,90.5,0,0.75,ILHADO,22.0,0.0,50.0
13:28,925.2,49.0,72.0,72.0,49.0,23.0,0.0,0.0,0.0,90.1,0,0.75,ILHADO,22.0,0.0,50.0
13:29,926.8,49.08,72.0,72.0,49.08,22.92,0.0,0.0,0.0,89.7,0,0.75,ILHADO,22.0,0.0,50.0
13:30,922.6,48.88,68.4,68.4,48.88,19.52,0.0,0.0,0.0,89.4,0,0.75,ILHADO,18.4,0.0,50.0
13:31,909.5,48.25,68.4,68.4,48.25,20.15,0.0,0.0,0.0,89.1,0,0.75,ILHADO,18.4,0.0,50.0
13:32,887.6,47.2,68.4,68.4,47.2,21.2,0.0,0.0,0.0,88.7,0,0.75,ILHADO,18.4,0.0,50.0
13:33,899.4,47.77,68.4,68.4,47.77,20.63,0.0,0.0,0.0,88.4,0,0.75,ILHADO,18.4,0.0,50.0
13:34,902.9,47.93,68.4,68.4,47.93,20.47,0.0,0.0,0.0,88.0,0,0.75,ILHADO,18.4,0.0,50.0
13:35,883.9,47.03,68.4,68.4,47.03,0.0,21.37,0.0,0.0,88.0,1,0.75,HIBRIDO,18.4,0.0,50.0
13:36,900.8,47.84,68.4,68.4,47.84,0.0,20.56,0.0,0.0,88.0,1,0.75,HIBRIDO,18.4,0.0,50.0
13:37,869.4,46.33,68.4,68.4,46.33,0.0,22.07,0.0,0.0,88.0,1,0.75,HIBRIDO,18.4,0.0,50.0
13:38,884.2,47.04,68.4,68.4,47.04,0.0,21.36,0.0,0.0,88.0,1,0.75,HIBRIDO,18.4,0.0,50.0
13:39,896.4,47.62,68.4,68.4,47.62,0.0,20.78,0.0,0.0,88.0,1,0.75,HIBRIDO,18.4,0.0,50.0
13:40,915.4,48.53,68.4,68.4,48.53,0.0,19.87,0.0,0.0,88.0,1,0.75,HIBRIDO,18.4,0.0,50.0
13:41,906.5,48.11,68.4,68.4,48.11,0.0,20.29,0.0,0.0,88.0,1,0.75,HIBRIDO,18.4,0.0,50.0
13:42,915.8,48.55,68.4,68.4,48.55,0.0,19.85,0.0,0.0,88.0,1,0.75,HIBRIDO,18.4,0.0,50.0
13:43,932.8,49.36,50.0,50.0,49.36,0.0,0.64,0.0,0.0,88.0,1,0.75,HIBRIDO,0.0,0.0,50.0
13:44,931.3,49.29,50.0,50.0,49.29,0.0,0.71,0.0,0.0,88.0,1,0.75,HIBRIDO,0.0,0.0,50.0
13:45,929.5,49.2,50.0,50.0,49.2,0.0,0.8,0.0,0.0,88.0,1,0.75,HIBRIDO,0.0,0.0,50.0
13:46,897.8,47.69,50.0,50.0,47.69,0.0,2.31,0.0,0.0,88.0,1,0.75,HIBRIDO,0.0,0.0,50.0
13:47,896.5,47.63,50.0,50.0,47.63,0.0,2.37,0.0,0.0,88.0,1,0.75,HIBRIDO,0.0,0.0,50.0
13:48,900.8,47.83,50.0,50.0,47.83,0.0,2.17,0.0,0.0,88.0,1,0.75,HIBRIDO,0.0,0.0,50.0
13:49,923.1,48.9,50.0,50.0,48.9,0.0,1.1,0.0,0.0,88.0,1,0.75,HIBRIDO,0.0,0.0,50.0
13:50,921.9,48.84,50.0,50.0,48.84,0.0,1.16,0.0,0.0,88.0,1,0.75,HIBRIDO,0.0,0.0,50.0
13:51,916.4,48.58,50.0,50.0,48.58,0.0,1.42,0.0,0.0,88.0,1,0.75,HIBRIDO,0.0,0.0,50.0
13:52,916.4,48.58,50.0,50.0,48.58,0.0,1.42,0.0,0.0,88.0,1,0.75,HIBRIDO,0.0,0.0,50.0
13:53,912.0,48.37,50.0,50.0,48.37,0.0,1.63,0.0,0.0,88.0,1,0.75,HIBRIDO,0.0,0.0,50.0
13:54,915.2,48.53,50.0,50.0,48.53,0.0,1.47,0.0,0.0,88.0,1,0.75,HIBRIDO,0.0,0.0,50.0
13:55,907.8,48.17,50.0,50.0,48.17,0.0,1.83,0.0,0.0,88.0,1,0.75,HIBRIDO,0.0,0.0,50.0
13:56,911.8,48.36,50.0,50.0,48.36,0.0,1.64,0.0,0.0,88.0,1,0.75,HIBRIDO,0.0,0.0,50.0
13:57,888.1,47.22,50.0,50.0,47.22,0.0,2.78,0.0,0.0,88.0,1,0.75,HIBRIDO,0.0,0.0,50.0
13:58,884.4,47.05,20.0,20.0,20.0,0.0,0.0,27.05,0.0,88.4,1,0.75,100% SOLAR,0.0,0.0,20.0
13:59,906.6,48.11,20.0,20.0,20.0,0.0,0.0,28.11,0.0,88.9,1,0.75,100% SOLAR,0.0,0.0,20.0
14:00,894.6,47.54,20.0,20.0,20.0,0.0,0.0,27.54,0.0,89.3,1,0.75,100% SOLAR,0.0,0.0,20.0
14:01,903.0,47.94,20.0,20.0,20.0,0.0,0.0,27.94,0.0,89.8,1,0.75,100% SOLAR,0.0,0.0,20.0
14:02,901.2,47.86,20.0,20.0,20.0,0.0,0.0,27.86,0.0,90.2,1,0.75,100% SOLAR,0.0,0.0,20.0
14:03,899.4,47.77,20.0,20.0,20.0,0.0,0.0,27.77,0.0,90.6,1,0.75,100% SOLAR,0.0,0.0,20.0
14:04,897.6,47.68,20.0,20.0,20.0,0.0,0.0,27.68,0.0,91.1,1,0.75,100% SOLAR,0.0,0.0,20.0
14:05,895.7,47.59,20.0,20.0,20.0,0.0,0.0,27.59,0.0,91.5,1,0.75,100% SOLAR,0.0,0.0,20.0
14:06,886.3,47.14,20.0,20.0,20.0,0.0,0.0,27.14,0.0,91.9,1,0.75,100% SOLAR,0.0,0.0,20.0
14:07,873.0,46.5,20.0,20.0,20.0,0.0,0.0,26.5,0.0,92.3,1,0.75,100% SOLAR,0.0,0.0,20.0
14:08,884.8,47.07,20.0,20.0,20.0,0.0,0.0,27.07,0.0,92.8,1,0.75,100% SOLAR,0.0,0.0,20.0
14:09,888.1,47.23,20.0,20.0,20.0,0.0,0.0,27.23,0.0,93.2,1,0.75,100% SOLAR,0.0,0.0,20.0
14:10,886.2,47.13,20.0,20.0,20.0,0.0,0.0,27.13,0.0,93.6,1,0.75,100% SOLAR,0.0,0.0,20.0
14:11,855.5,45.65,20.0,20.0,20.0,0.0,0.0,25.65,0.0,94.0,1,0.75,100% SOLAR,0.0,0.0,20.0
14:12,827.0,44.27,20.0,20.0,20.0,0.0,0.0,24.27,0.0,94.4,1,0.75,100% SOLAR,0.0,0.0,20.0
14:13,833.2,44.57,20.0,20.0,20.0,0.0,0.0,24.57,0.0,94.8,1,0.75,100% SOLAR,0.0,0.0,20.0
14:14,857.2,45.73,20.0,20.0,20.0,0.0,0.0,25.73,0.0,95.2,1,0.75,100% SOLAR,0.0,0.0,20.0
14:15,876.3,46.66,20.0,20.0,20.0,0.0,0.0,26.66,0.0,95.6,1,0.75,100% SOLAR,0.0,0.0,20.0
14:16,874.3,46.56,20.0,20.0,20.0,0.0,0.0,26.56,0.0,96.0,1,0.75,100% SOLAR,0.0,0.0,20.0
14:17,868.2,46.27,20.0,20.0,20.0,0.0,0.0,26.27,0.0,96.4,1,0.75,100% SOLAR,0.0,0.0,20.0
14:18,841.7,44.98,20.0,20.0,20.0,0.0,0.0,24.98,0.0,96.8,1,0.75,100% SOLAR,0.0,0.0,20.0
14:19,847.8,45.28,0.0,0.0,0.0,0.0,0.0,30.0,15.28,97.3,1,0.75,OCIOSO,0.0,0.0,0.0
14:20,866.0,46.16,0.0,0.0,0.0,0.0,0.0,30.0,16.16,97.8,1,0.75,OCIOSO,0.0,0.0,0.0
14:21,860.5,45.9,22.0,22.0,22.0,0.0,0.0,23.9,0.0,98.1,1,0.75,100% SOLAR,22.0,0.0,0.0
14:22,861.8,45.96,22.0,22.0,22.0,0.0,0.0,23.96,0.0,98.5,1,0.75,100% SOLAR,22.0,0.0,0.0
14:23,859.7,45.85,22.0,22.0,22.0,0.0,0.0,23.85,0.0,98.9,1,0.75,100% SOLAR,22.0,0.0,0.0
14:24,830.3,44.43,22.0,22.0,22.0,0.0,0.0,22.43,0.0,99.2,1,0.75,100% SOLAR,22.0,0.0,0.0
14:25,845.9,45.19,22.0,22.0,22.0,0.0,0.0,23.19,0.0,99.6,1,0.75,100% SOLAR,22.0,0.0,0.0
14:26,831.4,44.48,22.0,22.0,22.0,0.0,0.0,22.48,0.0,99.9,1,0.75,100% SOLAR,22.0,0.0,0.0
14:27,821.8,44.01,22.0,22.0,22.0,0.0,0.0,3.39,18.62,100.0,1,0.75,100% SOLAR,22.0,0.0,0.0
14:28,798.6,42.88,22.0,22.0,22.0,0.0,0.0,0.0,20.88,100.0,1,0.75,100% SOLAR,22.0,0.0,0.0
14:29,798.4,42.87,22.0,22.0,22.0,0.0,0.0,0.0,20.87,100.0,1,0.75,100% SOLAR,22.0,0.0,0.0
14:30,800.2,42.96,22.0,22.0,22.0,0.0,0.0,0.0,20.96,100.0,1,0.75,100% SOLAR,22.0,0.0,0.0
14:31,815.3,43.7,22.0,22.0,22.0,0.0,0.0,0.0,21.7,100.0,1,0.75,100% SOLAR,22.0,0.0,0.0
14:32,793.7,42.64,22.0,22.0,22.0,0.0,0.0,0.0,20.64,100.0,1,0.75,100% SOLAR,22.0,0.0,0.0
14:33,766.9,41.31,22.0,22.0,22.0,0.0,0.0,0.0,19.31,100.0,1,0.75,100% SOLAR,22.0,0.0,0.0
14:34,786.4,42.28,22.0,22.0,22.0,0.0,0.0,0.0,20.28,100.0,1,0.75,100% SOLAR,22.0,0.0,0.0
14:35,791.2,42.52,22.0,22.0,22.0,0.0,0.0,0.0,20.52,100.0,1,0.75,100% SOLAR,22.0,0.0,0.0
14:36,774.0,41.66,22.0,22.0,22.0,0.0,0.0,0.0,19.66,100.0,1,0.75,100% SOLAR,22.0,0.0,0.0
14:37,795.7,42.74,22.0,22.0,22.0,0.0,0.0,0.0,20.74,100.0,1,0.75,100% SOLAR,22.0,0.0,0.0
14:38,772.8,41.61,22.0,22.0,22.0,0.0,0.0,0.0,19.61,100.0,1,0.75,100% SOLAR,22.0,0.0,0.0
14:39,768.4,41.39,22.0,22.0,22.0,0.0,0.0,0.0,19.39,100.0,1,0.75,100% SOLAR,22.0,0.0,0.0
14:40,752.0,40.58,22.0,22.0,22.0,0.0,0.0,0.0,18.58,100.0,1,0.75,100% SOLAR,22.0,0.0,0.0
14:41,735.8,39.77,22.0,22.0,22.0,0.0,0.0,0.0,17.77,100.0,1,0.75,100% SOLAR,22.0,0.0,0.0
14:42,705.6,38.26,22.0,22.0,22.0,0.0,0.0,0.0,16.26,100.0,1,0.75,100% SOLAR,22.0,0.0,0.0
14:43,720.8,39.03,22.0,22.0,22.0,0.0,0.0,0.0,17.03,100.0,1,0.75,100% SOLAR,22.0,0.0,0.0
14:44,741.5,40.05,22.0,22.0,22.0,0.0,0.0,0.0,18.05,100.0,1,0.75,100% SOLAR,22.0,0.0,0.0
14:45,749.3,40.44,22.0,22.0,22.0,0.0,0.0,0.0,18.44,100.0,1,0.75,100% SOLAR,22.0,0.0,0.0
14:46,727.7,39.37,22.0,22.0,22.0,0.0,0.0,0.0,17.37,100.0,1,0.75,100% SOLAR,22.0,0.0,0.0
14:47,722.2,39.09,22.0,22.0,22.0,0.0,0.0,0.0,17.09,100.0,1,0.75,100% SOLAR,22.0,0.0,0.0
14:48,711.3,38.55,22.0,22.0,22.0,0.0,0.0,0.0,16.55,100.0,1,0.75,100% SOLAR,22.0,0.0,0.0
14:49,713.9,38.68,29.0,29.0,29.0,0.0,0.0,0.0,9.68,100.0,1,0.75,100% SOLAR,22.0,7.0,0.0
14:50,719.4,38.95,29.0,29.0,29.0,0.0,0.0,0.0,9.95,100.0,1,0.75,100% SOLAR,22.0,7.0,0.0
14:51,712.9,38.63,29.0,29.0,29.0,0.0,0.0,0.0,9.63,100.0,1,0.75,100% SOLAR,22.0,7.0,0.0
14:52,696.8,37.82,29.0,29.0,29.0,0.0,0.0,0.0,8.82,100.0,1,0.75,100% SOLAR,22.0,7.0,0.0
14:53,713.6,38.66,29.0,29.0,29.0,0.0,0.0,0.0,9.66,100.0,1,0.75,100% SOLAR,22.0,7.0,0.0
14:54,694.7,37.71,29.0,29.0,29.0,0.0,0.0,0.0,8.71,100.0,1,0.75,100% SOLAR,22.0,7.0,0.0
14:55,686.1,37.28,29.0,29.0,29.0,0.0,0.0,0.0,8.28,100.0,1,0.75,100% SOLAR,22.0,7.0,0.0
14:56,682.9,37.12,29.0,29.0,29.0,0.0,0.0,0.0,8.12,100.0,1,0.75,100% SOLAR,22.0,7.0,0.0
14:57,666.3,36.28,29.0,29.0,29.0,0.0,0.0,0.0,7.28,100.0,1,0.75,100% SOLAR,22.0,7.0,0.0
14:58,667.9,36.36,29.0,29.0,29.0,0.0,0.0,0.0,7.36,100.0,1,0.75,100% SOLAR,22.0,7.0,0.0
14:59,669.7,36.45,29.0,29.0,29.0,0.0,0.0,0.0,7.45,100.0,1,0.75,100% SOLAR,22.0,7.0,0.0
15:00,693.9,37.68,29.0,29.0,29.0,0.0,0.0,0.0,8.68,100.0,1,0.75,100% SOLAR,22.0,7.0,0.0
15:01,680.5,37.0,29.0,29.0,29.0,0.0,0.0,0.0,8.0,100.0,1,0.75,100% SOLAR,22.0,7.0,0.0
15:02,703.7,38.17,29.0,29.0,29.0,0.0,0.0,0.0,9.17,100.0,1,0.75,100% SOLAR,22.0,7.0,0.0
15:03,709.7,38.47,29.0,29.0,29.0,0.0,0.0,0.0,9.47,100.0,1,0.75,100% SOLAR,22.0,7.0,0.0
15:04,695.2,37.74,29.0,29.0,29.0,0.0,0.0,0.0,8.74,100.0,1,0.75,100% SOLAR,22.0,7.0,0.0
15:05,696.2,37.79,29.0,29.0,29.0,0.0,0.0,0.0,8.79,100.0,1,0.75,100% SOLAR,22.0,7.0,0.0
15:06,703.5,38.16,29.0,29.0,29.0,0.0,0.0,0.0,9.16,100.0,1,0.75,100% SOLAR,22.0,7.0,0.0
15:07,713.8,38.67,29.0,29.0,29.0,0.0,0.0,0.0,9.67,100.0,1,0.75,100% SOLAR,22.0,7.0,0.0
15:08,687.5,37.35,29.0,29.0,29.0,0.0,0.0,0.0,8.35,100.0,1,0.75,100% SOLAR,22.0,7.0,0.0
15:09,690.5,37.5,29.0,29.0,29.0,0.0,0.0,0.0,8.5,100.0,1,0.75,100% SOLAR,22.0,7.0,0.0
15:10,687.7,37.36,29.0,29.0,29.0,0.0,0.0,0.0,8.36,100.0,1,0.75,100% SOLAR,22.0,7.0,0.0
15:11,706.1,38.29,29.0,29.0,29.0,0.0,0.0,0.0,9.29,100.0,1,0.75,100% SOLAR,22.0,7.0,0.0
15:12,692.3,37.6,29.0,29.0,29.0,0.0,0.0,0.0,8.6,100.0,1,0.75,100% SOLAR,22.0,7.0,0.0
15:13,705.1,38.24,29.0,29.0,29.0,0.0,0.0,0.0,9.24,100.0,1,0.75,100% SOLAR,22.0,7.0,0.0
15:14,707.8,38.37,29.0,29.0,29.0,0.0,0.0,0.0,9.37,100.0,1,0.75,100% SOLAR,22.0,7.0,0.0
15:15,697.5,37.86,29.0,29.0,29.0,0.0,0.0,0.0,8.86,100.0,1,0.75,100% SOLAR,22.0,7.0,0.0
15:16,701.7,38.07,29.0,29.0,29.0,0.0,0.0,0.0,9.07,100.0,1,0.75,100% SOLAR,22.0,7.0,0.0
15:17,705.0,38.23,29.0,29.0,29.0,0.0,0.0,0.0,9.23,100.0,1,0.75,100% SOLAR,22.0,7.0,0.0
15:18,711.2,38.54,29.0,29.0,29.0,0.0,0.0,0.0,9.54,100.0,1,0.75,100% SOLAR,22.0,7.0,0.0
15:19,717.4,38.85,29.0,29.0,29.0,0.0,0.0,0.0,9.85,100.0,1,0.75,100% SOLAR,22.0,7.0,0.0
15:20,714.5,38.71,29.0,29.0,29.0,0.0,0.0,0.0,9.71,100.0,1,0.75,100% SOLAR,22.0,7.0,0.0
15:21,711.5,38.56,29.0,29.0,29.0,0.0,0.0,0.0,9.56,100.0,1,0.75,100% SOLAR,22.0,7.0,0.0
15:22,708.6,38.41,29.0,29.0,29.0,0.0,0.0,0.0,9.41,100.0,1,0.75,100% SOLAR,22.0,7.0,0.0
15:23,705.6,38.26,29.0,29.0,29.0,0.0,0.0,0.0,9.26,100.0,1,0.75,100% SOLAR,22.0,7.0,0.0
15:24,702.6,38.11,29.0,29.0,29.0,0.0,0.0,0.0,9.11,100.0,1,0.75,100% SOLAR,22.0,7.0,0.0
15:25,690.3,37.49,29.0,29.0,29.0,0.0,0.0,0.0,8.49,100.0,1,0.75,100% SOLAR,22.0,7.0,0.0
15:26,684.5,37.2,29.0,29.0,29.0,0.0,0.0,0.0,8.2,100.0,1,0.75,100% SOLAR,22.0,7.0,0.0
15:27,685.4,37.25,29.0,29.0,29.0,0.0,0.0,0.0,8.25,100.0,1,0.75,100% SOLAR,22.0,7.0,0.0
15:28,690.6,37.51,29.0,29.0,29.0,0.0,0.0,0.0,8.51,100.0,1,0.75,100% SOLAR,22.0,7.0,0.0
15:29,667.9,36.36,29.0,29.0,29.0,0.0,0.0,0.0,7.36,100.0,1,0.75,100% SOLAR,22.0,7.0,0.0
15:30,655.1,35.71,29.0,29.0,29.0,0.0,0.0,0.0,6.71,100.0,1,0.75,100% SOLAR,22.0,7.0,0.0
15:31,664.0,36.16,29.0,29.0,29.0,0.0,0.0,0.0,7.16,100.0,1,0.75,100% SOLAR,22.0,7.0,0.0
15:32,645.6,35.23,29.0,29.0,29.0,0.0,0.0,0.0,6.23,100.0,1,0.75,100% SOLAR,22.0,7.0,0.0
15:33,625.2,34.19,29.0,29.0,29.0,0.0,0.0,0.0,5.19,100.0,1,0.75,100% SOLAR,22.0,7.0,0.0
15:34,624.2,34.14,29.0,29.0,29.0,0.0,0.0,0.0,5.14,100.0,1,0.75,100% SOLAR,22.0,7.0,0.0
15:35,643.4,35.12,29.0,29.0,29.0,0.0,0.0,0.0,6.12,100.0,1,0.75,100% SOLAR,22.0,7.0,0.0
15:36,641.9,35.04,29.0,29.0,29.0,0.0,0.0,0.0,6.04,100.0,1,0.75,100% SOLAR,22.0,7.0,0.0
15:37,658.0,35.86,29.0,29.0,29.0,0.0,0.0,0.0,6.86,100.0,1,0.75,100% SOLAR,22.0,7.0,0.0
15:38,659.7,35.95,29.0,29.0,29.0,0.0,0.0,0.0,6.95,100.0,1,0.75,100% SOLAR,22.0,7.0,0.0
15:39,645.4,35.22,29.0,29.0,29.0,0.0,0.0,0.0,6.22,100.0,1,0.75,100% SOLAR,22.0,7.0,0.0
15:40,653.4,35.63,29.0,29.0,29.0,0.0,0.0,0.0,6.63,100.0,1,0.75,100% SOLAR,22.0,7.0,0.0
15:41,649.4,35.43,29.0,29.0,29.0,0.0,0.0,0.0,6.43,100.0,1,0.75,100% SOLAR,22.0,7.0,0.0
15:42,647.1,35.31,29.0,29.0,29.0,0.0,0.0,0.0,6.31,100.0,1,0.75,100% SOLAR,22.0,7.0,0.0
15:43,643.9,35.14,29.0,29.0,29.0,0.0,0.0,0.0,6.14,100.0,1,0.75,100% SOLAR,22.0,7.0,0.0
15:44,633.4,34.61,29.0,29.0,29.0,0.0,0.0,0.0,5.61,100.0,1,0.75,100% SOLAR,22.0,7.0,0.0
15:45,613.1,33.57,29.0,29.0,29.0,0.0,0.0,0.0,4.57,100.0,1,0.75,100% SOLAR,22.0,7.0,0.0
15:46,630.5,34.46,29.0,29.0,29.0,0.0,0.0,0.0,5.46,100.0,1,0.75,100% SOLAR,22.0,7.0,0.0
15:47,611.4,33.49,29.0,29.0,29.0,0.0,0.0,0.0,4.49,100.0,1,0.75,100% SOLAR,22.0,7.0,0.0
15:48,627.7,34.32,29.0,29.0,29.0,0.0,0.0,0.0,5.32,100.0,1,0.75,100% SOLAR,22.0,7.0,0.0
15:49,624.4,34.15,29.0,29.0,29.0,0.0,0.0,0.0,5.15,100.0,1,0.75,100% SOLAR,22.0,7.0,0.0
15:50,621.1,33.99,29.0,29.0,29.0,0.0,0.0,0.0,4.99,100.0,1,0.75,100% SOLAR,22.0,7.0,0.0
15:51,617.9,33.82,29.0,29.0,29.0,0.0,0.0,0.0,4.82,100.0,1,0.75,100% SOLAR,22.0,7.0,0.0
15:52,614.6,33.65,29.0,29.0,29.0,0.0,0.0,0.0,4.65,100.0,1,0.75,100% SOLAR,22.0,7.0,0.0
15:53,611.3,33.48,29.0,29.0,29.0,0.0,0.0,0.0,4.48,100.0,1,0.75,100% SOLAR,22.0,7.0,0.0
15:54,602.2,33.02,29.0,29.0,29.0,0.0,0.0,0.0,4.02,100.0,1,0.75,100% SOLAR,22.0,7.0,0.0
15:55,604.6,33.14,29.0,29.0,29.0,0.0,0.0,0.0,4.14,100.0,1,0.75,100% SOLAR,22.0,7.0,0.0
15:56,580.8,31.91,29.0,29.0,29.0,0.0,0.0,0.0,2.91,100.0,1,0.75,100% SOLAR,22.0,7.0,0.0
15:57,579.1,31.82,29.0,29.0,29.0,0.0,0.0,0.0,2.82,100.0,1,0.75,100% SOLAR,22.0,7.0,0.0
15:58,574.0,31.56,29.0,29.0,29.0,0.0,0.0,0.0,2.56,100.0,1,0.75,100% SOLAR,22.0,7.0,0.0
15:59,577.8,31.76,29.0,29.0,29.0,0.0,0.0,0.0,2.76,100.0,1,0.75,100% SOLAR,22.0,7.0,0.0
16:00,581.6,31.96,29.0,29.0,29.0,0.0,0.0,0.0,2.96,100.0,1,0.75,100% SOLAR,22.0,7.0,0.0
16:01,581.7,31.96,29.0,29.0,29.0,0.0,0.0,0.0,2.96,100.0,1,0.75,100% SOLAR,22.0,7.0,0.0
16:02,581.0,31.92,29.0,29.0,29.0,0.0,0.0,0.0,2.92,100.0,1,0.75,100% SOLAR,22.0,7.0,0.0
16:03,577.6,31.75,29.0,29.0,29.0,0.0,0.0,0.0,2.75,100.0,1,0.75,100% SOLAR,22.0,7.0,0.0
16:04,558.4,30.75,7.0,7.0,7.0,0.0,0.0,0.0,23.75,100.0,1,0.75,100% SOLAR,0.0,7.0,0.0
16:05,544.4,30.03,7.0,7.0,7.0,0.0,0.0,0.0,23.03,100.0,1,0.75,100% SOLAR,0.0,7.0,0.0
16:06,522.3,28.87,7.0,7.0,7.0,0.0,0.0,0.0,21.87,100.0,1,0.75,100% SOLAR,0.0,7.0,0.0
16:07,534.3,29.5,7.0,7.0,7.0,0.0,0.0,0.0,22.5,100.0,1,0.75,100% SOLAR,0.0,7.0,0.0
16:08,533.4,29.45,7.0,7.0,7.0,0.0,0.0,0.0,22.45,100.0,1,0.75,100% SOLAR,0.0,7.0,0.0
16:09,546.3,30.12,7.0,7.0,7.0,0.0,0.0,0.0,23.12,100.0,1,0.75,100% SOLAR,0.0,7.0,0.0
16:10,532.1,29.38,7.0,7.0,7.0,0.0,0.0,0.0,22.38,100.0,1,0.75,100% SOLAR,0.0,7.0,0.0
16:11,511.9,28.33,7.0,7.0,7.0,0.0,0.0,0.0,21.33,100.0,1,0.75,100% SOLAR,0.0,7.0,0.0
16:12,521.0,28.81,7.0,7.0,7.0,0.0,0.0,0.0,21.81,100.0,1,0.75,100% SOLAR,0.0,7.0,0.0
16:13,533.2,29.44,7.0,7.0,7.0,0.0,0.0,0.0,22.44,100.0,1,0.75,100% SOLAR,0.0,7.0,0.0
16:14,522.3,28.87,7.0,7.0,7.0,0.0,0.0,0.0,21.87,100.0,1,0.75,100% SOLAR,0.0,7.0,0.0
16:15,515.4,28.52,7.0,7.0,7.0,0.0,0.0,0.0,21.52,100.0,1,0.75,100% SOLAR,0.0,7.0,0.0
16:16,498.6,27.63,7.0,7.0,7.0,0.0,0.0,0.0,20.63,100.0,1,0.75,100% SOLAR,0.0,7.0,0.0
16:17,511.8,28.32,7.0,7.0,7.0,0.0,0.0,0.0,21.32,100.0,1,0.75,100% SOLAR,0.0,7.0,0.0
16:18,501.2,27.77,7.0,7.0,7.0,0.0,0.0,0.0,20.77,100.0,1,0.75,100% SOLAR,0.0,7.0,0.0
16:19,497.5,27.57,7.0,7.0,7.0,0.0,0.0,0.0,20.57,100.0,1,0.75,100% SOLAR,0.0,7.0,0.0
16:20,479.5,26.62,7.0,7.0,7.0,0.0,0.0,0.0,19.62,100.0,1,0.75,100% SOLAR,0.0,7.0,0.0
16:21,490.1,27.18,7.0,7.0,7.0,0.0,0.0,0.0,20.18,100.0,1,0.75,100% SOLAR,0.0,7.0,0.0
16:22,473.6,26.32,7.0,7.0,7.0,0.0,0.0,0.0,19.32,100.0,1,0.75,100% SOLAR,0.0,7.0,0.0
16:23,468.6,26.05,7.0,7.0,7.0,0.0,0.0,0.0,19.05,100.0,1,0.75,100% SOLAR,0.0,7.0,0.0
16:24,471.3,26.19,7.0,7.0,7.0,0.0,0.0,0.0,19.19,100.0,1,0.75,100% SOLAR,0.0,7.0,0.0
16:25,476.4,26.46,7.0,7.0,7.0,0.0,0.0,0.0,19.46,100.0,1,0.75,100% SOLAR,0.0,7.0,0.0
16:26,488.5,27.1,7.0,7.0,7.0,0.0,0.0,0.0,20.1,100.0,1,0.75,100% SOLAR,0.0,7.0,0.0
16:27,482.1,26.76,7.0,7.0,7.0,0.0,0.0,0.0,19.76,100.0,1,0.75,100% SOLAR,0.0,7.0,0.0
16:28,486.8,27.01,7.0,7.0,7.0,0.0,0.0,0.0,20.01,100.0,1,0.75,100% SOLAR,0.0,7.0,0.0
16:29,471.4,26.2,7.0,7.0,7.0,0.0,0.0,0.0,19.2,100.0,1,0.75,100% SOLAR,0.0,7.0,0.0
16:30,465.0,25.86,7.0,7.0,7.0,0.0,0.0,0.0,18.86,100.0,1,0.75,100% SOLAR,0.0,7.0,0.0
16:31,448.0,24.96,7.0,7.0,7.0,0.0,0.0,0.0,17.96,100.0,1,0.75,100% SOLAR,0.0,7.0,0.0
16:32,444.2,24.76,7.0,7.0,7.0,0.0,0.0,0.0,17.76,100.0,1,0.75,100% SOLAR,0.0,7.0,0.0
16:33,437.8,24.41,7.0,7.0,7.0,0.0,0.0,0.0,17.41,100.0,1,0.75,100% SOLAR,0.0,7.0,0.0
16:34,449.1,25.02,7.0,7.0,7.0,0.0,0.0,0.0,18.02,100.0,1,0.75,100% SOLAR,0.0,7.0,0.0
16:35,430.4,24.02,7.0,7.0,7.0,0.0,0.0,0.0,17.02,100.0,1,0.75,100% SOLAR,0.0,7.0,0.0
16:36,422.7,23.61,7.0,7.0,7.0,0.0,0.0,0.0,16.61,100.0,1,0.75,100% SOLAR,0.0,7.0,0.0
16:37,417.5,23.33,7.0,7.0,7.0,0.0,0.0,0.0,16.33,100.0,1,0.75,100% SOLAR,0.0,7.0,0.0
16:38,428.3,23.91,7.0,7.0,7.0,0.0,0.0,0.0,16.91,100.0,1,0.75,100% SOLAR,0.0,7.0,0.0
16:39,436.0,24.32,7.0,7.0,7.0,0.0,0.0,0.0,17.32,100.0,1,0.75,100% SOLAR,0.0,7.0,0.0
16:40,419.8,23.46,7.0,7.0,7.0,0.0,0.0,0.0,16.46,100.0,1,0.75,100% SOLAR,0.0,7.0,0.0
16:41,422.0,23.57,7.0,7.0,7.0,0.0,0.0,0.0,16.57,100.0,1,0.75,100% SOLAR,0.0,7.0,0.0
16:42,419.8,23.45,7.0,7.0,7.0,0.0,0.0,0.0,16.45,100.0,1,0.75,100% SOLAR,0.0,7.0,0.0
16:43,430.7,24.04,7.0,7.0,7.0,0.0,0.0,0.0,17.04,100.0,1,0.75,100% SOLAR,0.0,7.0,0.0
16:44,422.7,23.61,7.0,7.0,7.0,0.0,0.0,0.0,16.61,100.0,1,0.75,100% SOLAR,0.0,7.0,0.0
16:45,415.9,23.25,7.0,7.0,7.0,0.0,0.0,0.0,16.25,100.0,1,0.75,100% SOLAR,0.0,7.0,0.0
16:46,403.0,22.56,7.0,7.0,7.0,0.0,0.0,0.0,15.56,100.0,1,0.75,100% SOLAR,0.0,7.0,0.0
16:47,388.3,21.77,7.0,7.0,7.0,0.0,0.0,0.0,14.77,100.0,1,0.75,100% SOLAR,0.0,7.0,0.0
16:48,394.9,22.12,7.0,7.0,7.0,0.0,0.0,0.0,15.12,100.0,1,0.75,100% SOLAR,0.0,7.0,0.0
16:49,390.0,21.86,7.0,7.0,7.0,0.0,0.0,0.0,14.86,100.0,1,0.75,100% SOLAR,0.0,7.0,0.0
16:50,391.0,21.91,7.0,7.0,7.0,0.0,0.0,0.0,14.91,100.0,1,0.75,100% SOLAR,0.0,7.0,0.0
16:51,391.3,21.93,7.0,7.0,7.0,0.0,0.0,0.0,14.93,100.0,1,0.75,100% SOLAR,0.0,7.0,0.0
16:52,390.3,21.87,7.0,7.0,7.0,0.0,0.0,0.0,14.87,100.0,1,0.75,100% SOLAR,0.0,7.0,0.0
16:53,373.3,20.96,7.0,7.0,7.0,0.0,0.0,0.0,13.96,100.0,1,0.75,100% SOLAR,0.0,7.0,0.0
16:54,377.5,21.18,0.0,0.0,0.0,0.0,0.0,0.0,21.18,100.0,1,0.75,OCIOSO,0.0,0.0,0.0
16:55,366.8,20.61,0.0,0.0,0.0,0.0,0.0,0.0,20.61,100.0,1,0.75,OCIOSO,0.0,0.0,0.0
16:56,353.1,19.86,0.0,0.0,0.0,0.0,0.0,0.0,19.86,100.0,1,0.75,OCIOSO,0.0,0.0,0.0
16:57,351.3,19.76,0.0,0.0,0.0,0.0,0.0,0.0,19.76,100.0,1,0.75,OCIOSO,0.0,0.0,0.0
16:58,336.3,18.95,0.0,0.0,0.0,0.0,0.0,0.0,18.95,100.0,1,0.75,OCIOSO,0.0,0.0,0.0
16:59,339.7,19.14,0.0,0.0,0.0,0.0,0.0,0.0,19.14,100.0,1,0.75,OCIOSO,0.0,0.0,0.0
17:00,328.6,18.53,0.0,0.0,0.0,0.0,0.0,0.0,18.53,100.0,1,0.75,OCIOSO,0.0,0.0,0.0
17:01,317.9,17.95,0.0,0.0,0.0,0.0,0.0,0.0,17.95,100.0,1,0.75,OCIOSO,0.0,0.0,0.0
17:02,323.8,18.27,0.0,0.0,0.0,0.0,0.0,0.0,18.27,100.0,1,0.75,OCIOSO,0.0,0.0,0.0
17:03,316.0,17.85,0.0,0.0,0.0,0.0,0.0,0.0,17.85,100.0,1,0.75,OCIOSO,0.0,0.0,0.0
17:04,303.9,17.18,0.0,0.0,0.0,0.0,0.0,0.0,17.18,100.0,1,0.75,OCIOSO,0.0,0.0,0.0
17:05,310.3,17.53,0.0,0.0,0.0,0.0,0.0,0.0,17.53,100.0,1,0.75,OCIOSO,0.0,0.0,0.0
17:06,294.8,16.68,0.0,0.0,0.0,0.0,0.0,0.0,16.68,100.0,1,0.75,OCIOSO,0.0,0.0,0.0
17:07,300.0,16.97,0.0,0.0,0.0,0.0,0.0,0.0,16.97,100.0,1,0.75,OCIOSO,0.0,0.0,0.0
17:08,288.1,16.32,0.0,0.0,0.0,0.0,0.0,0.0,16.32,100.0,1,0.75,OCIOSO,0.0,0.0,0.0
17:09,276.1,15.66,0.0,0.0,0.0,0.0,0.0,0.0,15.66,100.0,1,0.75,OCIOSO,0.0,0.0,0.0
17:10,267.1,15.16,0.0,0.0,0.0,0.0,0.0,0.0,15.16,100.0,1,0.75,OCIOSO,0.0,0.0,0.0
17:11,256.5,14.57,0.0,0.0,0.0,0.0,0.0,0.0,14.57,100.0,1,0.75,OCIOSO,0.0,0.0,0.0
17:12,257.0,14.6,0.0,0.0,0.0,0.0,0.0,0.0,14.6,100.0,1,0.75,OCIOSO,0.0,0.0,0.0
17:13,243.3,13.84,0.0,0.0,0.0,0.0,0.0,0.0,13.84,100.0,1,0.75,OCIOSO,0.0,0.0,0.0
17:14,229.6,13.08,0.0,0.0,0.0,0.0,0.0,0.0,13.08,100.0,1,0.75,OCIOSO,0.0,0.0,0.0
17:15,232.9,13.27,0.0,0.0,0.0,0.0,0.0,0.0,13.27,100.0,1,0.75,OCIOSO,0.0,0.0,0.0
17:16,224.3,12.79,0.0,0.0,0.0,0.0,0.0,0.0,12.79,100.0,1,0.75,OCIOSO,0.0,0.0,0.0
17:17,217.7,12.42,0.0,0.0,0.0,0.0,0.0,0.0,12.42,100.0,1,0.75,OCIOSO,0.0,0.0,0.0
17:18,208.0,11.88,0.0,0.0,0.0,0.0,0.0,0.0,11.88,100.0,1,0.75,OCIOSO,0.0,0.0,0.0
17:19,196.0,11.21,0.0,0.0,0.0,0.0,0.0,0.0,11.21,100.0,1,0.75,OCIOSO,0.0,0.0,0.0
17:20,198.2,11.33,0.0,0.0,0.0,0.0,0.0,0.0,11.33,100.0,1,0.75,OCIOSO,0.0,0.0,0.0
17:21,196.0,11.2,7.0,7.0,7.0,0.0,0.0,0.0,4.2,100.0,1,0.75,100% SOLAR,7.0,0.0,0.0
17:22,198.1,11.32,7.0,7.0,7.0,0.0,0.0,0.0,4.32,100.0,1,0.75,100% SOLAR,7.0,0.0,0.0
17:23,194.8,11.14,7.0,7.0,7.0,0.0,0.0,0.0,4.14,100.0,1,0.75,100% SOLAR,7.0,0.0,0.0
17:24,197.3,11.27,7.0,7.0,7.0,0.0,0.0,0.0,4.27,100.0,1,0.75,100% SOLAR,7.0,0.0,0.0
17:25,194.6,11.13,7.0,7.0,7.0,0.0,0.0,0.0,4.13,100.0,1,0.75,100% SOLAR,7.0,0.0,0.0
17:26,184.4,10.56,7.0,7.0,7.0,0.0,0.0,0.0,3.56,100.0,1,0.75,100% SOLAR,7.0,0.0,0.0
17:27,181.7,10.4,7.0,7.0,7.0,0.0,0.0,0.0,3.4,100.0,1,0.75,100% SOLAR,7.0,0.0,0.0
17:28,186.9,10.69,7.0,7.0,7.0,0.0,0.0,0.0,3.69,100.0,1,0.75,100% SOLAR,7.0,0.0,0.0
17:29,175.9,10.07,7.0,7.0,7.0,0.0,0.0,0.0,3.07,100.0,1,0.75,100% SOLAR,7.0,0.0,0.0
17:30,178.0,10.19,57.0,57.0,10.19,1.81,45.0,0.0,0.0,100.0,1,0.75,HIBRIDO,7.0,50.0,0.0
17:31,181.3,10.38,57.0,57.0,10.38,1.62,45.0,0.0,0.0,99.9,1,0.75,HIBRIDO,7.0,50.0,0.0
17:32,178.7,10.23,57.0,57.0,10.23,1.77,45.0,0.0,0.0,99.9,1,0.75,HIBRIDO,7.0,50.0,0.0
17:33,175.0,10.02,57.0,57.0,10.02,1.98,45.0,0.0,0.0,99.9,1,0.75,HIBRIDO,7.0,50.0,0.0
17:34,179.5,10.28,57.0,57.0,10.28,1.72,45.0,0.0,0.0,99.9,1,0.75,HIBRIDO,7.0,50.0,0.0
17:35,169.3,9.71,57.0,57.0,9.71,2.29,45.0,0.0,0.0,99.8,1,0.75,HIBRIDO,7.0,50.0,0.0
17:36,166.0,9.52,57.0,57.0,9.52,2.48,45.0,0.0,0.0,99.8,1,0.75,HIBRIDO,7.0,50.0,0.0
17:37,161.4,9.26,57.0,57.0,9.26,2.74,45.0,0.0,0.0,99.7,1,0.75,HIBRIDO,7.0,50.0,0.0
17:38,161.3,9.25,57.0,57.0,9.25,2.75,45.0,0.0,0.0,99.7,1,0.75,HIBRIDO,7.0,50.0,0.0
17:39,158.1,9.07,57.0,57.0,9.07,2.93,45.0,0.0,0.0,99.6,1,0.75,HIBRIDO,7.0,50.0,0.0
17:40,161.0,9.23,57.0,57.0,9.23,2.77,45.0,0.0,0.0,99.6,1,0.75,HIBRIDO,7.0,50.0,0.0
17:41,151.7,8.71,57.0,57.0,8.71,3.29,45.0,0.0,0.0,99.5,1,0.75,HIBRIDO,7.0,50.0,0.0
17:42,142.8,8.21,57.0,57.0,8.21,3.79,45.0,0.0,0.0,99.5,1,0.75,HIBRIDO,7.0,50.0,0.0
17:43,141.4,8.12,57.0,57.0,8.12,3.88,45.0,0.0,0.0,99.4,1,0.75,HIBRIDO,7.0,50.0,0.0
17:44,132.6,7.63,57.0,57.0,7.63,4.37,45.0,0.0,0.0,99.3,1,0.75,HIBRIDO,7.0,50.0,0.0
17:45,126.8,7.3,57.0,57.0,7.3,4.7,45.0,0.0,0.0,99.3,1,0.75,HIBRIDO,7.0,50.0,0.0
17:46,125.7,7.24,57.0,57.0,7.24,4.76,45.0,0.0,0.0,99.2,1,0.75,HIBRIDO,7.0,50.0,0.0
17:47,123.5,7.11,57.0,57.0,7.11,4.89,45.0,0.0,0.0,99.1,1,0.75,HIBRIDO,7.0,50.0,0.0
17:48,118.5,6.82,107.0,81.82,6.82,30.0,45.0,0.0,0.0,98.6,1,0.75,ECONOMIA,7.0,24.82,50.0
17:49,121.6,7.0,107.0,82.0,7.0,30.0,45.0,0.0,0.0,98.1,1,0.75,ECONOMIA,7.0,25.0,50.0
17:50,119.0,6.86,107.0,81.86,6.86,30.0,45.0,0.0,0.0,97.6,1,0.75,ECONOMIA,7.0,24.86,50.0
17:51,115.5,6.66,107.0,81.66,6.66,30.0,45.0,0.0,0.0,97.1,1,0.75,ECONOMIA,7.0,24.66,50.0
17:52,113.8,6.55,107.0,81.55,6.55,30.0,45.0,0.0,0.0,96.6,1,0.75,ECONOMIA,7.0,24.55,50.0
17:53,106.5,6.13,107.0,81.13,6.13,30.0,45.0,0.0,0.0,96.1,1,0.75,ECONOMIA,7.0,24.13,50.0
17:54,105.7,6.09,107.0,81.09,6.09,30.0,45.0,0.0,0.0,95.6,1,0.75,ECONOMIA,7.0,24.09,50.0
17:55,106.4,6.13,107.0,81.13,6.13,30.0,45.0,0.0,0.0,95.1,1,0.75,ECONOMIA,7.0,24.13,50.0
17:56,104.9,6.04,107.0,81.04,6.04,30.0,45.0,0.0,0.0,94.6,1,0.75,ECONOMIA,7.0,24.04,50.0
17:57,104.4,6.02,107.0,81.02,6.02,30.0,45.0,0.0,0.0,94.1,1,0.75,ECONOMIA,7.0,50.0,24.02
17:58,103.4,5.95,107.0,80.95,5.95,30.0,45.0,0.0,0.0,93.6,1,0.75,ECONOMIA,7.0,23.95,50.0
17:59,97.6,5.62,107.0,80.62,5.62,30.0,45.0,0.0,0.0,93.1,1,0.75,ECONOMIA,7.0,50.0,23.62
18:00,94.0,5.42,107.0,80.42,5.42,30.0,45.0,0.0,0.0,92.6,1,1.25,ECONOMIA,7.0,23.42,50.0
18:01,88.6,5.1,107.0,80.1,5.1,30.0,45.0,0.0,0.0,92.1,1,1.25,ECONOMIA,7.0,50.0,23.1
18:02,84.2,4.85,107.0,79.85,4.85,30.0,45.0,0.0,0.0,91.6,1,1.25,ECONOMIA,7.0,22.85,50.0
18:03,80.9,4.66,107.0,79.66,4.66,30.0,45.0,0.0,0.0,91.1,1,1.25,ECONOMIA,7.0,50.0,22.66
18:04,77.2,4.45,107.0,79.45,4.45,30.0,45.0,0.0,0.0,90.6,1,1.25,ECONOMIA,7.0,22.45,50.0
18:05,71.3,4.11,107.0,79.11,4.11,30.0,45.0,0.0,0.0,90.1,1,1.25,ECONOMIA,7.0,50.0,22.11
18:06,68.0,3.92,107.0,78.92,3.92,30.0,45.0,0.0,0.0,89.6,1,1.25,ECONOMIA,7.0,21.92,50.0
18:07,66.3,3.82,107.0,78.82,3.82,30.0,45.0,0.0,0.0,89.1,1,1.25,ECONOMIA,7.0,50.0,21.82
18:08,62.6,3.6,107.0,78.6,3.6,30.0,45.0,0.0,0.0,88.6,1,1.25,ECONOMIA,7.0,21.6,50.0
18:09,57.6,3.32,107.0,78.32,3.32,30.0,45.0,0.0,0.0,88.1,1,1.25,ECONOMIA,7.0,50.0,21.32
18:10,57.3,3.3,107.0,78.3,3.3,30.0,45.0,0.0,0.0,87.6,1,1.25,ECONOMIA,7.0,21.3,50.0
18:11,52.1,3.0,107.0,78.0,3.0,30.0,45.0,0.0,0.0,87.1,1,1.25,ECONOMIA,7.0,50.0,21.0
18:12,51.1,2.94,107.0,77.94,2.94,30.0,45.0,0.0,0.0,86.6,1,1.25,ECONOMIA,7.0,20.94,50.0
18:13,46.2,2.66,107.0,77.66,2.66,30.0,45.0,0.0,0.0,86.1,1,1.25,ECONOMIA,7.0,50.0,20.66
18:14,41.6,2.4,107.0,77.4,2.4,30.0,45.0,0.0,0.0,85.6,1,1.25,ECONOMIA,7.0,20.4,50.0
18:15,40.1,2.31,107.0,77.31,2.31,30.0,45.0,0.0,0.0,85.1,1,1.25,ECONOMIA,7.0,50.0,20.31
18:16,38.7,2.23,107.0,77.23,2.23,30.0,45.0,0.0,0.0,84.6,1,1.25,ECONOMIA,7.0,20.23,50.0
18:17,36.1,2.08,107.0,77.08,2.08,30.0,45.0,0.0,0.0,84.1,1,1.25,ECONOMIA,7.0,20.08,50.0
18:18,33.7,1.94,107.0,76.94,1.94,30.0,45.0,0.0,0.0,83.6,1,1.25,ECONOMIA,7.0,50.0,19.94
18:19,31.1,1.79,107.0,76.79,1.79,30.0,45.0,0.0,0.0,83.1,1,1.25,ECONOMIA,7.0,19.79,50.0
18:20,27.7,1.6,107.0,76.6,1.6,30.0,45.0,0.0,0.0,82.6,1,1.25,ECONOMIA,7.0,50.0,19.6
18:21,24.0,1.38,107.0,76.38,1.38,30.0,45.0,0.0,0.0,82.1,1,1.25,ECONOMIA,7.0,19.38,50.0
18:22,21.0,1.21,107.0,76.21,1.21,30.0,45.0,0.0,0.0,81.6,1,1.25,ECONOMIA,7.0,50.0,19.21
18:23,18.7,1.08,107.0,76.08,1.08,30.0,45.0,0.0,0.0,81.1,1,1.25,ECONOMIA,7.0,19.08,50.0
18:24,16.5,0.95,107.0,75.95,0.95,30.0,45.0,0.0,0.0,80.6,1,1.25,ECONOMIA,7.0,50.0,18.95
18:25,14.3,0.82,107.0,75.82,0.82,30.0,45.0,0.0,0.0,80.1,1,1.25,ECONOMIA,7.0,18.82,50.0
18:26,11.7,0.67,107.0,75.67,0.67,30.0,45.0,0.0,0.0,79.6,1,1.25,ECONOMIA,7.0,50.0,18.67
18:27,9.2,0.53,107.0,75.53,0.53,30.0,45.0,0.0,0.0,79.1,1,1.25,ECONOMIA,7.0,18.53,50.0
18:28,6.2,0.36,107.0,75.36,0.36,30.0,45.0,0.0,0.0,78.6,1,1.25,ECONOMIA,7.0,50.0,18.36
18:29,3.0,0.18,107.0,75.18,0.18,30.0,45.0,0.0,0.0,78.1,1,1.25,ECONOMIA,7.0,18.18,50.0
18:30,0.0,0.0,107.0,75.0,0.0,30.0,45.0,0.0,0.0,77.6,1,1.25,ECONOMIA,7.0,50.0,18.0
18:31,0.0,0.0,107.0,75.0,0.0,30.0,45.0,0.0,0.0,77.1,1,1.25,ECONOMIA,7.0,18.0,50.0
18:32,0.0,0.0,107.0,75.0,0.0,30.0,45.0,0.0,0.0,76.6,1,1.25,ECONOMIA,7.0,50.0,18.0
18:33,0.0,0.0,107.0,75.0,0.0,30.0,45.0,0.0,0.0,76.1,1,1.25,ECONOMIA,7.0,18.0,50.0
18:34,0.0,0.0,34.0,34.0,0.0,30.0,4.0,0.0,0.0,75.6,1,1.25,HIBRIDO,7.0,20.0,7.0
18:35,0.0,0.0,34.0,34.0,0.0,30.0,4.0,0.0,0.0,75.1,1,1.25,HIBRIDO,7.0,20.0,7.0
18:36,0.0,0.0,34.0,34.0,0.0,30.0,4.0,0.0,0.0,74.6,1,1.25,HIBRIDO,7.0,20.0,7.0
18:37,0.0,0.0,34.0,34.0,0.0,30.0,4.0,0.0,0.0,74.1,1,1.25,HIBRIDO,7.0,20.0,7.0
18:38,0.0,0.0,34.0,34.0,0.0,30.0,4.0,0.0,0.0,73.6,1,1.25,HIBRIDO,7.0,20.0,7.0
18:39,0.0,0.0,34.0,34.0,0.0,30.0,4.0,0.0,0.0,73.1,1,1.25,HIBRIDO,7.0,20.0,7.0
18:40,0.0,0.0,34.0,34.0,0.0,30.0,4.0,0.0,0.0,72.6,1,1.25,HIBRIDO,7.0,20.0,7.0
18:41,0.0,0.0,34.0,34.0,0.0,30.0,4.0,0.0,0.0,72.1,1,1.25,HIBRIDO,7.0,20.0,7.0
18:42,0.0,0.0,34.0,34.0,0.0,30.0,4.0,0.0,0.0,71.6,1,1.25,HIBRIDO,7.0,20.0,7.0
18:43,0.0,0.0,34.0,34.0,0.0,30.0,4.0,0.0,0.0,71.1,1,1.25,HIBRIDO,7.0,20.0,7.0
18:44,0.0,0.0,34.0,34.0,0.0,30.0,4.0,0.0,0.0,70.6,1,1.25,HIBRIDO,7.0,20.0,7.0
18:45,0.0,0.0,34.0,34.0,0.0,30.0,4.0,0.0,0.0,70.1,1,1.25,HIBRIDO,7.0,20.0,7.0
18:46,0.0,0.0,34.0,34.0,0.0,30.0,4.0,0.0,0.0,69.6,1,1.25,HIBRIDO,7.0,20.0,7.0
18:47,0.0,0.0,34.0,34.0,0.0,30.0,4.0,0.0,0.0,69.1,1,1.25,HIBRIDO,7.0,20.0,7.0
18:48,0.0,0.0,34.0,34.0,0.0,30.0,4.0,0.0,0.0,68.6,1,1.25,HIBRIDO,7.0,20.0,7.0
18:49,0.0,0.0,34.0,34.0,0.0,30.0,4.0,0.0,0.0,68.1,1,1.25,HIBRIDO,7.0,20.0,7.0
18:50,0.0,0.0,34.0,34.0,0.0,30.0,4.0,0.0,0.0,67.6,1,1.25,HIBRIDO,7.0,20.0,7.0
18:51,0.0,0.0,34.0,34.0,0.0,30.0,4.0,0.0,0.0,67.1,1,1.25,HIBRIDO,7.0,20.0,7.0
18:52,0.0,0.0,34.0,34.0,0.0,30.0,4.0,0.0,0.0,66.6,1,1.25,HIBRIDO,7.0,20.0,7.0
18:53,0.0,0.0,34.0,34.0,0.0,30.0,4.0,0.0,0.0,66.1,1,1.25,HIBRIDO,7.0,20.0,7.0
18:54,0.0,0.0,34.0,34.0,0.0,30.0,4.0,0.0,0.0,65.6,1,1.25,HIBRIDO,7.0,20.0,7.0
18:55,0.0,0.0,14.0,14.0,0.0,14.0,0.0,0.0,0.0,65.4,1,1.25,SOLAR+BANCO,7.0,0.0,7.0
18:56,0.0,0.0,14.0,14.0,0.0,14.0,0.0,0.0,0.0,65.1,1,1.25,SOLAR+BANCO,7.0,0.0,7.0
18:57,0.0,0.0,14.0,14.0,0.0,14.0,0.0,0.0,0.0,64.9,1,1.25,SOLAR+BANCO,7.0,0.0,7.0
18:58,0.0,0.0,21.0,21.0,0.0,21.0,0.0,0.0,0.0,64.5,1,1.25,SOLAR+BANCO,7.0,7.0,7.0
18:59,0.0,0.0,21.0,21.0,0.0,21.0,0.0,0.0,0.0,64.2,1,1.25,SOLAR+BANCO,7.0,7.0,7.0
19:00,0.0,0.0,21.0,21.0,0.0,21.0,0.0,0.0,0.0,63.8,1,1.25,SOLAR+BANCO,7.0,7.0,7.0
19:01,0.0,0.0,21.0,21.0,0.0,21.0,0.0,0.0,0.0,63.5,1,1.25,SOLAR+BANCO,7.0,7.0,7.0
19:02,0.0,0.0,21.0,21.0,0.0,21.0,0.0,0.0,0.0,63.1,1,1.25,SOLAR+BANCO,7.0,7.0,7.0
19:03,0.0,0.0,21.0,21.0,0.0,21.0,0.0,0.0,0.0,62.8,1,1.25,SOLAR+BANCO,7.0,7.0,7.0
19:04,0.0,0.0,21.0,21.0,0.0,21.0,0.0,0.0,0.0,62.4,1,1.25,SOLAR+BANCO,7.0,7.0,7.0
19:05,0.0,0.0,21.0,21.0,0.0,21.0,0.0,0.0,0.0,62.1,1,1.25,SOLAR+BANCO,7.0,7.0,7.0
19:06,0.0,0.0,21.0,21.0,0.0,21.0,0.0,0.0,0.0,61.7,1,1.25,SOLAR+BANCO,7.0,7.0,7.0
19:07,0.0,0.0,21.0,21.0,0.0,21.0,0.0,0.0,0.0,61.4,1,1.25,SOLAR+BANCO,7.0,7.0,7.0
19:08,0.0,0.0,21.0,21.0,0.0,21.0,0.0,0.0,0.0,61.0,1,1.25,SOLAR+BANCO,7.0,7.0,7.0
19:09,0.0,0.0,21.0,21.0,0.0,21.0,0.0,0.0,0.0,60.7,1,1.25,SOLAR+BANCO,7.0,7.0,7.0
19:10,0.0,0.0,21.0,21.0,0.0,21.0,0.0,0.0,0.0,60.3,1,1.25,SOLAR+BANCO,7.0,7.0,7.0
19:11,0.0,0.0,21.0,21.0,0.0,21.0,0.0,0.0,0.0,60.0,1,1.25,SOLAR+BANCO,7.0,7.0,7.0
19:12,0.0,0.0,21.0,21.0,0.0,21.0,0.0,0.0,0.0,59.6,1,1.25,SOLAR+BANCO,7.0,7.0,7.0
19:13,0.0,0.0,21.0,21.0,0.0,21.0,0.0,0.0,0.0,59.3,1,1.25,SOLAR+BANCO,7.0,7.0,7.0
19:14,0.0,0.0,21.0,21.0,0.0,21.0,0.0,0.0,0.0,58.9,1,1.25,SOLAR+BANCO,7.0,7.0,7.0
19:15,0.0,0.0,21.0,21.0,0.0,21.0,0.0,0.0,0.0,58.6,1,1.25,SOLAR+BANCO,7.0,7.0,7.0
19:16,0.0,0.0,21.0,21.0,0.0,21.0,0.0,0.0,0.0,58.2,1,1.25,SOLAR+BANCO,7.0,7.0,7.0
19:17,0.0,0.0,21.0,21.0,0.0,21.0,0.0,0.0,0.0,57.9,1,1.25,SOLAR+BANCO,7.0,7.0,7.0
19:18,0.0,0.0,21.0,21.0,0.0,21.0,0.0,0.0,0.0,57.5,1,1.25,SOLAR+BANCO,7.0,7.0,7.0
19:19,0.0,0.0,21.0,21.0,0.0,21.0,0.0,0.0,0.0,57.2,1,1.25,SOLAR+BANCO,7.0,7.0,7.0
19:20,0.0,0.0,21.0,21.0,0.0,21.0,0.0,0.0,0.0,56.8,1,1.25,SOLAR+BANCO,7.0,7.0,7.0
19:21,0.0,0.0,21.0,21.0,0.0,21.0,0.0,0.0,0.0,56.5,1,1.25,SOLAR+BANCO,7.0,7.0,7.0
19:22,0.0,0.0,21.0,21.0,0.0,21.0,0.0,0.0,0.0,56.1,1,1.25,SOLAR+BANCO,7.0,7.0,7.0
19:23,0.0,0.0,21.0,21.0,0.0,21.0,0.0,0.0,0.0,55.8,1,1.25,SOLAR+BANCO,7.0,7.0,7.0
19:24,0.0,0.0,21.0,21.0,0.0,21.0,0.0,0.0,0.0,55.4,1,1.25,SOLAR+BANCO,7.0,7.0,7.0
19:25,0.0,0.0,21.0,21.0,0.0,21.0,0.0,0.0,0.0,55.1,1,1.25,SOLAR+BANCO,7.0,7.0,7.0
19:26,0.0,0.0,21.0,21.0,0.0,21.0,0.0,0.0,0.0,54.7,1,1.25,SOLAR+BANCO,7.0,7.0,7.0
19:27,0.0,0.0,21.0,21.0,0.0,21.0,0.0,0.0,0.0,54.4,1,1.25,SOLAR+BANCO,7.0,7.0,7.0
19:28,0.0,0.0,21.0,21.0,0.0,21.0,0.0,0.0,0.0,54.0,1,1.25,SOLAR+BANCO,7.0,7.0,7.0
19:29,0.0,0.0,21.0,21.0,0.0,21.0,0.0,0.0,0.0,53.7,1,1.25,SOLAR+BANCO,7.0,7.0,7.0
19:30,0.0,0.0,21.0,21.0,0.0,21.0,0.0,0.0,0.0,53.3,1,1.25,SOLAR+BANCO,7.0,7.0,7.0
19:31,0.0,0.0,21.0,21.0,0.0,21.0,0.0,0.0,0.0,53.0,1,1.25,SOLAR+BANCO,7.0,7.0,7.0
19:32,0.0,0.0,21.0,21.0,0.0,21.0,0.0,0.0,0.0,52.6,1,1.25,SOLAR+BANCO,7.0,7.0,7.0
19:33,0.0,0.0,21.0,21.0,0.0,21.0,0.0,0.0,0.0,52.3,1,1.25,SOLAR+BANCO,7.0,7.0,7.0
19:34,0.0,0.0,21.0,21.0,0.0,21.0,0.0,0.0,0.0,51.9,1,1.25,SOLAR+BANCO,7.0,7.0,7.0
19:35,0.0,0.0,21.0,21.0,0.0,21.0,0.0,0.0,0.0,51.6,1,1.25,SOLAR+BANCO,7.0,7.0,7.0
19:36,0.0,0.0,21.0,21.0,0.0,21.0,0.0,0.0,0.0,51.2,1,1.25,SOLAR+BANCO,7.0,7.0,7.0
19:37,0.0,0.0,21.0,21.0,0.0,21.0,0.0,0.0,0.0,50.9,1,1.25,SOLAR+BANCO,7.0,7.0,7.0
19:38,0.0,0.0,21.0,21.0,0.0,21.0,0.0,0.0,0.0,50.5,1,1.25,SOLAR+BANCO,7.0,7.0,7.0
19:39,0.0,0.0,21.0,21.0,0.0,21.0,0.0,0.0,0.0,50.2,1,1.25,SOLAR+BANCO,7.0,7.0,7.0
19:40,0.0,0.0,21.0,21.0,0.0,21.0,0.0,0.0,0.0,49.8,1,1.25,SOLAR+BANCO,7.0,7.0,7.0
19:41,0.0,0.0,21.0,21.0,0.0,21.0,0.0,0.0,0.0,49.5,1,1.25,SOLAR+BANCO,7.0,7.0,7.0
19:42,0.0,0.0,21.0,21.0,0.0,21.0,0.0,0.0,0.0,49.1,1,1.25,SOLAR+BANCO,7.0,7.0,7.0
19:43,0.0,0.0,21.0,21.0,0.0,21.0,0.0,0.0,0.0,48.8,1,1.25,SOLAR+BANCO,7.0,7.0,7.0
19:44,0.0,0.0,21.0,21.0,0.0,21.0,0.0,0.0,0.0,48.4,1,1.25,SOLAR+BANCO,7.0,7.0,7.0
19:45,0.0,0.0,21.0,21.0,0.0,21.0,0.0,0.0,0.0,48.1,1,1.25,SOLAR+BANCO,7.0,7.0,7.0
19:46,0.0,0.0,21.0,21.0,0.0,21.0,0.0,0.0,0.0,47.7,1,1.25,SOLAR+BANCO,7.0,7.0,7.0
19:47,0.0,0.0,21.0,21.0,0.0,21.0,0.0,0.0,0.0,47.4,1,1.25,SOLAR+BANCO,7.0,7.0,7.0
19:48,0.0,0.0,21.0,21.0,0.0,21.0,0.0,0.0,0.0,47.0,1,1.25,SOLAR+BANCO,7.0,7.0,7.0
19:49,0.0,0.0,21.0,21.0,0.0,21.0,0.0,0.0,0.0,46.7,1,1.25,SOLAR+BANCO,7.0,7.0,7.0
19:50,0.0,0.0,21.0,21.0,0.0,21.0,0.0,0.0,0.0,46.3,1,1.25,SOLAR+BANCO,7.0,7.0,7.0
19:51,0.0,0.0,21.0,21.0,0.0,21.0,0.0,0.0,0.0,46.0,1,1.25,SOLAR+BANCO,7.0,7.0,7.0
19:52,0.0,0.0,21.0,21.0,0.0,21.0,0.0,0.0,0.0,45.6,1,1.25,SOLAR+BANCO,7.0,7.0,7.0
19:53,0.0,0.0,21.0,21.0,0.0,21.0,0.0,0.0,0.0,45.3,1,1.25,SOLAR+BANCO,7.0,7.0,7.0
19:54,0.0,0.0,21.0,21.0,0.0,21.0,0.0,0.0,0.0,44.9,1,1.25,SOLAR+BANCO,7.0,7.0,7.0
19:55,0.0,0.0,21.0,21.0,0.0,21.0,0.0,0.0,0.0,44.6,1,1.25,SOLAR+BANCO,7.0,7.0,7.0
19:56,0.0,0.0,21.0,21.0,0.0,21.0,0.0,0.0,0.0,44.2,1,1.25,SOLAR+BANCO,7.0,7.0,7.0
19:57,0.0,0.0,21.0,21.0,0.0,21.0,0.0,0.0,0.0,43.9,1,1.25,SOLAR+BANCO,7.0,7.0,7.0
19:58,0.0,0.0,21.0,21.0,0.0,21.0,0.0,0.0,0.0,43.5,1,1.25,SOLAR+BANCO,7.0,7.0,7.0
19:59,0.0,0.0,21.0,21.0,0.0,21.0,0.0,0.0,0.0,43.2,1,1.25,SOLAR+BANCO,7.0,7.0,7.0
20:00,0.0,0.0,21.0,21.0,0.0,21.0,0.0,0.0,0.0,42.8,1,1.25,SOLAR+BANCO,7.0,7.0,7.0
20:01,0.0,0.0,21.0,21.0,0.0,21.0,0.0,0.0,0.0,42.5,1,1.25,SOLAR+BANCO,7.0,7.0,7.0
20:02,0.0,0.0,21.0,21.0,0.0,21.0,0.0,0.0,0.0,42.1,1,1.25,SOLAR+BANCO,7.0,7.0,7.0
20:03,0.0,0.0,21.0,21.0,0.0,21.0,0.0,0.0,0.0,41.8,1,1.25,SOLAR+BANCO,7.0,7.0,7.0
20:04,0.0,0.0,21.0,21.0,0.0,21.0,0.0,0.0,0.0,41.4,1,1.25,SOLAR+BANCO,7.0,7.0,7.0
20:05,0.0,0.0,21.0,21.0,0.0,21.0,0.0,0.0,0.0,41.1,1,1.25,SOLAR+BANCO,7.0,7.0,7.0
20:06,0.0,0.0,21.0,21.0,0.0,21.0,0.0,0.0,0.0,40.7,1,1.25,SOLAR+BANCO,7.0,7.0,7.0
20:07,0.0,0.0,21.0,21.0,0.0,21.0,0.0,0.0,0.0,40.4,1,1.25,SOLAR+BANCO,7.0,7.0,7.0
20:08,0.0,0.0,21.0,21.0,0.0,21.0,0.0,0.0,0.0,40.0,1,1.25,SOLAR+BANCO,7.0,7.0,7.0
20:09,0.0,0.0,21.0,21.0,0.0,21.0,0.0,0.0,0.0,39.7,1,1.25,SOLAR+BANCO,7.0,7.0,7.0
20:10,0.0,0.0,21.0,21.0,0.0,21.0,0.0,0.0,0.0,39.3,1,1.25,SOLAR+BANCO,7.0,7.0,7.0
20:11,0.0,0.0,21.0,21.0,0.0,21.0,0.0,0.0,0.0,39.0,1,1.25,SOLAR+BANCO,7.0,7.0,7.0
20:12,0.0,0.0,21.0,21.0,0.0,21.0,0.0,0.0,0.0,38.6,1,1.25,SOLAR+BANCO,7.0,7.0,7.0
20:13,0.0,0.0,21.0,21.0,0.0,21.0,0.0,0.0,0.0,38.3,1,1.25,SOLAR+BANCO,7.0,7.0,7.0
20:14,0.0,0.0,21.0,21.0,0.0,21.0,0.0,0.0,0.0,37.9,1,1.25,SOLAR+BANCO,7.0,7.0,7.0
20:15,0.0,0.0,21.0,21.0,0.0,21.0,0.0,0.0,0.0,37.6,1,1.25,SOLAR+BANCO,7.0,7.0,7.0
20:16,0.0,0.0,21.0,21.0,0.0,21.0,0.0,0.0,0.0,37.2,1,1.25,SOLAR+BANCO,7.0,7.0,7.0
20:17,0.0,0.0,21.0,21.0,0.0,21.0,0.0,0.0,0.0,36.9,1,1.25,SOLAR+BANCO,7.0,7.0,7.0
20:18,0.0,0.0,21.0,21.0,0.0,21.0,0.0,0.0,0.0,36.5,1,1.25,SOLAR+BANCO,7.0,7.0,7.0
20:19,0.0,0.0,21.0,21.0,0.0,21.0,0.0,0.0,0.0,36.2,1,1.25,SOLAR+BANCO,7.0,7.0,7.0
20:20,0.0,0.0,21.0,21.0,0.0,21.0,0.0,0.0,0.0,35.8,1,1.25,SOLAR+BANCO,7.0,7.0,7.0
20:21,0.0,0.0,21.0,21.0,0.0,21.0,0.0,0.0,0.0,35.5,1,1.25,SOLAR+BANCO,7.0,7.0,7.0
20:22,0.0,0.0,21.0,21.0,0.0,21.0,0.0,0.0,0.0,35.1,1,1.25,SOLAR+BANCO,7.0,7.0,7.0
20:23,0.0,0.0,21.0,21.0,0.0,21.0,0.0,0.0,0.0,34.8,1,1.25,SOLAR+BANCO,7.0,7.0,7.0
20:24,0.0,0.0,21.0,21.0,0.0,21.0,0.0,0.0,0.0,34.4,1,1.25,SOLAR+BANCO,7.0,7.0,7.0
20:25,0.0,0.0,21.0,21.0,0.0,21.0,0.0,0.0,0.0,34.1,1,1.25,SOLAR+BANCO,7.0,7.0,7.0
20:26,0.0,0.0,21.0,21.0,0.0,21.0,0.0,0.0,0.0,33.7,1,1.25,SOLAR+BANCO,7.0,7.0,7.0
20:27,0.0,0.0,21.0,21.0,0.0,21.0,0.0,0.0,0.0,33.4,1,1.25,SOLAR+BANCO,7.0,7.0,7.0
20:28,0.0,0.0,21.0,21.0,0.0,21.0,0.0,0.0,0.0,33.0,1,1.25,SOLAR+BANCO,7.0,7.0,7.0
20:29,0.0,0.0,21.0,21.0,0.0,21.0,0.0,0.0,0.0,32.7,1,1.25,SOLAR+BANCO,7.0,7.0,7.0
20:30,0.0,0.0,21.0,21.0,0.0,21.0,0.0,0.0,0.0,32.3,1,1.25,SOLAR+BANCO,7.0,7.0,7.0
20:31,0.0,0.0,21.0,21.0,0.0,21.0,0.0,0.0,0.0,32.0,1,1.25,SOLAR+BANCO,7.0,7.0,7.0
20:32,0.0,0.0,21.0,21.0,0.0,21.0,0.0,0.0,0.0,31.6,1,1.25,SOLAR+BANCO,7.0,7.0,7.0
20:33,0.0,0.0,21.0,21.0,0.0,21.0,0.0,0.0,0.0,31.3,1,1.25,SOLAR+BANCO,7.0,7.0,7.0
20:34,0.0,0.0,21.0,21.0,0.0,21.0,0.0,0.0,0.0,30.9,1,1.25,SOLAR+BANCO,7.0,7.0,7.0
20:35,0.0,0.0,21.0,21.0,0.0,21.0,0.0,0.0,0.0,30.6,1,1.25,SOLAR+BANCO,7.0,7.0,7.0
20:36,0.0,0.0,21.0,21.0,0.0,21.0,0.0,0.0,0.0,30.2,1,1.25,SOLAR+BANCO,7.0,7.0,7.0
20:37,0.0,0.0,21.0,21.0,0.0,21.0,0.0,0.0,0.0,29.9,1,1.25,SOLAR+BANCO,7.0,7.0,7.0
20:38,0.0,0.0,21.0,21.0,0.0,21.0,0.0,0.0,0.0,29.5,1,1.25,SOLAR+BANCO,7.0,7.0,7.0
20:39,0.0,0.0,21.0,21.0,0.0,21.0,0.0,0.0,0.0,29.2,1,1.25,SOLAR+BANCO,7.0,7.0,7.0
20:40,0.0,0.0,21.0,21.0,0.0,21.0,0.0,0.0,0.0,28.8,1,1.25,SOLAR+BANCO,7.0,7.0,7.0
20:41,0.0,0.0,21.0,21.0,0.0,21.0,0.0,0.0,0.0,28.5,1,1.25,SOLAR+BANCO,7.0,7.0,7.0
20:42,0.0,0.0,21.0,21.0,0.0,21.0,0.0,0.0,0.0,28.1,1,1.25,SOLAR+BANCO,7.0,7.0,7.0
20:43,0.0,0.0,21.0,21.0,0.0,21.0,0.0,0.0,0.0,27.8,1,1.25,SOLAR+BANCO,7.0,7.0,7.0
20:44,0.0,0.0,21.0,21.0,0.0,21.0,0.0,0.0,0.0,27.4,1,1.25,SOLAR+BANCO,7.0,7.0,7.0
20:45,0.0,0.0,21.0,21.0,0.0,21.0,0.0,0.0,0.0,27.1,1,1.25,SOLAR+BANCO,7.0,7.0,7.0
20:46,0.0,0.0,21.0,21.0,0.0,21.0,0.0,0.0,0.0,26.7,1,1.25,SOLAR+BANCO,7.0,7.0,7.0
20:47,0.0,0.0,21.0,21.0,0.0,21.0,0.0,0.0,0.0,26.4,1,1.25,SOLAR+BANCO,7.0,7.0,7.0
20:48,0.0,0.0,21.0,21.0,0.0,21.0,0.0,0.0,0.0,26.0,1,1.25,SOLAR+BANCO,7.0,7.0,7.0
20:49,0.0,0.0,21.0,21.0,0.0,21.0,0.0,0.0,0.0,25.7,1,1.25,SOLAR+BANCO,7.0,7.0,7.0
20:50,0.0,0.0,21.0,21.0,0.0,21.0,0.0,0.0,0.0,25.3,1,1.25,SOLAR+BANCO,7.0,7.0,7.0
20:51,0.0,0.0,21.0,21.0,0.0,21.0,0.0,0.0,0.0,25.0,1,1.25,SOLAR+BANCO,7.0,7.0,7.0
20:52,0.0,0.0,21.0,21.0,0.0,21.0,0.0,0.0,0.0,24.6,1,1.25,SOLAR+BANCO,7.0,7.0,7.0
20:53,0.0,0.0,21.0,21.0,0.0,21.0,0.0,0.0,0.0,24.3,1,1.25,SOLAR+BANCO,7.0,7.0,7.0
20:54,0.0,0.0,21.0,21.0,0.0,21.0,0.0,0.0,0.0,23.9,1,1.25,SOLAR+BANCO,7.0,7.0,7.0
20:55,0.0,0.0,21.0,21.0,0.0,21.0,0.0,0.0,0.0,23.6,1,1.25,SOLAR+BANCO,7.0,7.0,7.0
20:56,0.0,0.0,21.0,21.0,0.0,21.0,0.0,0.0,0.0,23.2,1,1.25,SOLAR+BANCO,7.0,7.0,7.0
20:57,0.0,0.0,21.0,21.0,0.0,21.0,0.0,0.0,0.0,22.9,1,1.25,SOLAR+BANCO,7.0,7.0,7.0
20:58,0.0,0.0,21.0,21.0,0.0,21.0,0.0,0.0,0.0,22.5,1,1.25,SOLAR+BANCO,7.0,7.0,7.0
20:59,0.0,0.0,21.0,21.0,0.0,21.0,0.0,0.0,0.0,22.2,1,1.25,SOLAR+BANCO,7.0,7.0,7.0
21:00,0.0,0.0,21.0,21.0,0.0,0.0,21.0,0.0,0.0,22.2,1,0.75,HIBRIDO,7.0,7.0,7.0
21:01,0.0,0.0,21.0,21.0,0.0,0.0,21.0,0.0,0.0,22.2,1,0.75,HIBRIDO,7.0,7.0,7.0
21:02,0.0,0.0,21.0,21.0,0.0,0.0,21.0,0.0,0.0,22.2,1,0.75,HIBRIDO,7.0,7.0,7.0
21:03,0.0,0.0,21.0,21.0,0.0,0.0,21.0,0.0,0.0,22.2,1,0.75,HIBRIDO,7.0,7.0,7.0
21:04,0.0,0.0,21.0,21.0,0.0,0.0,21.0,0.0,0.0,22.2,1,0.75,HIBRIDO,7.0,7.0,7.0
21:05,0.0,0.0,21.0,21.0,0.0,0.0,21.0,0.0,0.0,22.2,1,0.75,HIBRIDO,7.0,7.0,7.0
21:06,0.0,0.0,21.0,21.0,0.0,0.0,21.0,0.0,0.0,22.2,1,0.75,HIBRIDO,7.0,7.0,7.0
21:07,0.0,0.0,21.0,21.0,0.0,0.0,21.0,0.0,0.0,22.2,1,0.75,HIBRIDO,7.0,7.0,7.0
21:08,0.0,0.0,21.0,21.0,0.0,0.0,21.0,0.0,0.0,22.2,1,0.75,HIBRIDO,7.0,7.0,7.0
21:09,0.0,0.0,21.0,21.0,0.0,0.0,21.0,0.0,0.0,22.2,1,0.75,HIBRIDO,7.0,7.0,7.0
21:10,0.0,0.0,21.0,21.0,0.0,0.0,21.0,0.0,0.0,22.2,1,0.75,HIBRIDO,7.0,7.0,7.0
21:11,0.0,0.0,21.0,21.0,0.0,0.0,21.0,0.0,0.0,22.2,1,0.75,HIBRIDO,7.0,7.0,7.0
21:12,0.0,0.0,21.0,21.0,0.0,0.0,21.0,0.0,0.0,22.2,1,0.75,HIBRIDO,7.0,7.0,7.0
21:13,0.0,0.0,21.0,21.0,0.0,0.0,21.0,0.0,0.0,22.2,1,0.75,HIBRIDO,7.0,7.0,7.0
21:14,0.0,0.0,21.0,21.0,0.0,0.0,21.0,0.0,0.0,22.2,1,0.75,HIBRIDO,7.0,7.0,7.0
21:15,0.0,0.0,14.0,14.0,0.0,0.0,14.0,0.0,0.0,22.2,1,0.75,HIBRIDO,0.0,7.0,7.0
21:16,0.0,0.0,14.0,14.0,0.0,0.0,14.0,0.0,0.0,22.2,1,0.75,HIBRIDO,0.0,7.0,7.0
21:17,0.0,0.0,14.0,14.0,0.0,0.0,14.0,0.0,0.0,22.2,1,0.75,HIBRIDO,0.0,7.0,7.0
21:18,0.0,0.0,14.0,14.0,0.0,0.0,14.0,0.0,0.0,22.2,1,0.75,HIBRIDO,0.0,7.0,7.0
21:19,0.0,0.0,14.0,14.0,0.0,0.0,14.0,0.0,0.0,22.2,1,0.75,HIBRIDO,0.0,7.0,7.0
21:20,0.0,0.0,14.0,14.0,0.0,0.0,14.0,0.0,0.0,22.2,1,0.75,HIBRIDO,0.0,7.0,7.0
21:21,0.0,0.0,14.0,14.0,0.0,0.0,14.0,0.0,0.0,22.2,1,0.75,HIBRIDO,0.0,7.0,7.0
21:22,0.0,0.0,14.0,14.0,0.0,0.0,14.0,0.0,0.0,22.2,1,0.75,HIBRIDO,0.0,7.0,7.0
21:23,0.0,0.0,14.0,14.0,0.0,0.0,14.0,0.0,0.0,22.2,1,0.75,HIBRIDO,0.0,7.0,7.0
21:24,0.0,0.0,14.0,14.0,0.0,0.0,14.0,0.0,0.0,22.2,1,0.75,HIBRIDO,0.0,7.0,7.0
21:25,0.0,0.0,14.0,14.0,0.0,0.0,14.0,0.0,0.0,22.2,1,0.75,HIBRIDO,0.0,7.0,7.0
21:26,0.0,0.0,14.0,14.0,0.0,0.0,14.0,0.0,0.0,22.2,1,0.75,HIBRIDO,0.0,7.0,7.0
21:27,0.0,0.0,14.0,14.0,0.0,0.0,14.0,0.0,0.0,22.2,1,0.75,HIBRIDO,0.0,7.0,7.0
21:28,0.0,0.0,14.0,14.0,0.0,0.0,14.0,0.0,0.0,22.2,1,0.75,HIBRIDO,0.0,7.0,7.0
21:29,0.0,0.0,14.0,14.0,0.0,0.0,14.0,0.0,0.0,22.2,1,0.75,HIBRIDO,0.0,7.0,7.0
21:30,0.0,0.0,14.0,14.0,0.0,0.0,14.0,0.0,0.0,22.2,1,0.75,HIBRIDO,0.0,7.0,7.0
21:31,0.0,0.0,14.0,14.0,0.0,0.0,14.0,0.0,0.0,22.2,1,0.75,HIBRIDO,0.0,7.0,7.0
21:32,0.0,0.0,14.0,14.0,0.0,0.0,14.0,0.0,0.0,22.2,1,0.75,HIBRIDO,0.0,7.0,7.0
21:33,0.0,0.0,14.0,14.0,0.0,0.0,14.0,0.0,0.0,22.2,1,0.75,HIBRIDO,0.0,7.0,7.0
21:34,0.0,0.0,14.0,14.0,0.0,0.0,14.0,0.0,0.0,22.2,1,0.75,HIBRIDO,0.0,7.0,7.0
21:35,0.0,0.0,14.0,14.0,0.0,0.0,14.0,0.0,0.0,22.2,1,0.75,HIBRIDO,0.0,7.0,7.0
21:36,0.0,0.0,14.0,14.0,0.0,0.0,14.0,0.0,0.0,22.2,1,0.75,HIBRIDO,0.0,7.0,7.0
21:37,0.0,0.0,14.0,14.0,0.0,0.0,14.0,0.0,0.0,22.2,1,0.75,HIBRIDO,0.0,7.0,7.0
21:38,0.0,0.0,14.0,14.0,0.0,0.0,14.0,0.0,0.0,22.2,1,0.75,HIBRIDO,0.0,7.0,7.0
21:39,0.0,0.0,14.0,14.0,0.0,0.0,14.0,0.0,0.0,22.2,1,0.75,HIBRIDO,0.0,7.0,7.0
21:40,0.0,0.0,21.0,21.0,0.0,0.0,21.0,0.0,0.0,22.2,1,0.75,HIBRIDO,7.0,7.0,7.0
21:41,0.0,0.0,21.0,21.0,0.0,0.0,21.0,0.0,0.0,22.2,1,0.75,HIBRIDO,7.0,7.0,7.0
21:42,0.0,0.0,21.0,21.0,0.0,0.0,21.0,0.0,0.0,22.2,1,0.75,HIBRIDO,7.0,7.0,7.0
21:43,0.0,0.0,21.0,21.0,0.0,0.0,21.0,0.0,0.0,22.2,1,0.75,HIBRIDO,7.0,7.0,7.0
21:44,0.0,0.0,21.0,21.0,0.0,0.0,21.0,0.0,0.0,22.2,1,0.75,HIBRIDO,7.0,7.0,7.0
21:45,0.0,0.0,21.0,21.0,0.0,0.0,21.0,0.0,0.0,22.2,1,0.75,HIBRIDO,7.0,7.0,7.0
21:46,0.0,0.0,21.0,21.0,0.0,0.0,21.0,0.0,0.0,22.2,1,0.75,HIBRIDO,7.0,7.0,7.0
21:47,0.0,0.0,21.0,21.0,0.0,0.0,21.0,0.0,0.0,22.2,1,0.75,HIBRIDO,7.0,7.0,7.0
21:48,0.0,0.0,21.0,21.0,0.0,0.0,21.0,0.0,0.0,22.2,1,0.75,HIBRIDO,7.0,7.0,7.0
21:49,0.0,0.0,14.0,14.0,0.0,0.0,14.0,0.0,0.0,22.2,1,0.75,HIBRIDO,7.0,7.0,0.0
21:50,0.0,0.0,14.0,14.0,0.0,0.0,14.0,0.0,0.0,22.2,1,0.75,HIBRIDO,7.0,7.0,0.0
21:51,0.0,0.0,14.0,14.0,0.0,0.0,14.0,0.0,0.0,22.2,1,0.75,HIBRIDO,7.0,7.0,0.0
21:52,0.0,0.0,14.0,14.0,0.0,0.0,14.0,0.0,0.0,22.2,1,0.75,HIBRIDO,7.0,7.0,0.0
21:53,0.0,0.0,14.0,14.0,0.0,0.0,14.0,0.0,0.0,22.2,1,0.75,HIBRIDO,7.0,7.0,0.0
21:54,0.0,0.0,14.0,14.0,0.0,0.0,14.0,0.0,0.0,22.2,1,0.75,HIBRIDO,7.0,7.0,0.0
21:55,0.0,0.0,14.0,14.0,0.0,0.0,14.0,0.0,0.0,22.2,1,0.75,HIBRIDO,7.0,7.0,0.0
21:56,0.0,0.0,14.0,14.0,0.0,0.0,14.0,0.0,0.0,22.2,1,0.75,HIBRIDO,7.0,7.0,0.0
21:57,0.0,0.0,14.0,14.0,0.0,0.0,14.0,0.0,0.0,22.2,1,0.75,HIBRIDO,7.0,7.0,0.0
21:58,0.0,0.0,14.0,14.0,0.0,0.0,14.0,0.0,0.0,22.2,1,0.75,HIBRIDO,7.0,7.0,0.0
21:59,0.0,0.0,14.0,14.0,0.0,0.0,14.0,0.0,0.0,22.2,1,0.75,HIBRIDO,7.0,7.0,0.0
22:00,0.0,0.0,14.0,14.0,0.0,0.0,14.0,0.0,0.0,22.2,1,0.75,HIBRIDO,7.0,7.0,0.0
22:01,0.0,0.0,14.0,14.0,0.0,0.0,14.0,0.0,0.0,22.2,1,0.75,HIBRIDO,7.0,7.0,0.0
22:02,0.0,0.0,14.0,14.0,0.0,0.0,14.0,0.0,0.0,22.2,1,0.75,HIBRIDO,7.0,7.0,0.0
22:03,0.0,0.0,14.0,14.0,0.0,0.0,14.0,0.0,0.0,22.2,1,0.75,HIBRIDO,7.0,7.0,0.0
22:04,0.0,0.0,14.0,14.0,0.0,0.0,14.0,0.0,0.0,22.2,1,0.75,HIBRIDO,7.0,7.0,0.0
22:05,0.0,0.0,14.0,14.0,0.0,0.0,14.0,0.0,0.0,22.2,1,0.75,HIBRIDO,7.0,7.0,0.0
22:06,0.0,0.0,14.0,14.0,0.0,0.0,14.0,0.0,0.0,22.2,1,0.75,HIBRIDO,7.0,7.0,0.0
22:07,0.0,0.0,14.0,14.0,0.0,0.0,14.0,0.0,0.0,22.2,1,0.75,HIBRIDO,7.0,7.0,0.0
22:08,0.0,0.0,14.0,14.0,0.0,0.0,14.0,0.0,0.0,22.2,1,0.75,HIBRIDO,7.0,7.0,0.0
22:09,0.0,0.0,14.0,14.0,0.0,0.0,14.0,0.0,0.0,22.2,1,0.75,HIBRIDO,7.0,7.0,0.0
22:10,0.0,0.0,14.0,14.0,0.0,0.0,14.0,0.0,0.0,22.2,1,0.75,HIBRIDO,7.0,7.0,0.0
22:11,0.0,0.0,14.0,14.0,0.0,0.0,14.0,0.0,0.0,22.2,1,0.75,HIBRIDO,7.0,7.0,0.0
22:12,0.0,0.0,14.0,14.0,0.0,0.0,14.0,0.0,0.0,22.2,1,0.75,HIBRIDO,7.0,7.0,0.0
22:13,0.0,0.0,14.0,14.0,0.0,0.0,14.0,0.0,0.0,22.2,1,0.75,HIBRIDO,7.0,7.0,0.0
22:14,0.0,0.0,14.0,14.0,0.0,0.0,14.0,0.0,0.0,22.2,1,0.75,HIBRIDO,7.0,7.0,0.0
22:15,0.0,0.0,14.0,14.0,0.0,0.0,14.0,0.0,0.0,22.2,1,0.75,HIBRIDO,7.0,7.0,0.0
22:16,0.0,0.0,14.0,14.0,0.0,0.0,14.0,0.0,0.0,22.2,1,0.75,HIBRIDO,7.0,7.0,0.0
22:17,0.0,0.0,14.0,14.0,0.0,0.0,14.0,0.0,0.0,22.2,1,0.75,HIBRIDO,7.0,7.0,0.0
22:18,0.0,0.0,14.0,14.0,0.0,0.0,14.0,0.0,0.0,22.2,1,0.75,HIBRIDO,7.0,7.0,0.0
22:19,0.0,0.0,14.0,14.0,0.0,0.0,14.0,0.0,0.0,22.2,1,0.75,HIBRIDO,7.0,7.0,0.0
22:20,0.0,0.0,14.0,14.0,0.0,0.0,14.0,0.0,0.0,22.2,1,0.75,HIBRIDO,7.0,7.0,0.0
22:21,0.0,0.0,14.0,14.0,0.0,0.0,14.0,0.0,0.0,22.2,1,0.75,HIBRIDO,7.0,7.0,0.0
22:22,0.0,0.0,14.0,14.0,0.0,0.0,14.0,0.0,0.0,22.2,1,0.75,HIBRIDO,7.0,7.0,0.0
22:23,0.0,0.0,14.0,14.0,0.0,0.0,14.0,0.0,0.0,22.2,1,0.75,HIBRIDO,7.0,7.0,0.0
22:24,0.0,0.0,14.0,14.0,0.0,0.0,14.0,0.0,0.0,22.2,1,0.75,HIBRIDO,7.0,7.0,0.0
22:25,0.0,0.0,9.8,9.8,0.0,0.0,9.8,0.0,0.0,22.2,1,0.75,HIBRIDO,7.0,2.8,0.0
22:26,0.0,0.0,9.8,9.8,0.0,0.0,9.8,0.0,0.0,22.2,1,0.75,HIBRIDO,7.0,2.8,0.0
22:27,0.0,0.0,9.8,9.8,0.0,0.0,9.8,0.0,0.0,22.2,1,0.75,HIBRIDO,7.0,2.8,0.0
22:28,0.0,0.0,9.8,9.8,0.0,0.0,9.8,0.0,0.0,22.2,1,0.75,HIBRIDO,7.0,2.8,0.0
22:29,0.0,0.0,9.8,9.8,0.0,0.0,9.8,0.0,0.0,22.2,1,0.75,HIBRIDO,7.0,2.8,0.0
22:30,0.0,0.0,9.8,9.8,0.0,0.0,9.8,0.0,0.0,22.2,1,0.75,HIBRIDO,7.0,2.8,0.0
22:31,0.0,0.0,9.8,9.8,0.0,0.0,9.8,0.0,0.0,22.2,1,0.75,HIBRIDO,7.0,2.8,0.0
22:32,0.0,0.0,9.8,9.8,0.0,0.0,9.8,0.0,0.0,22.2,1,0.75,HIBRIDO,7.0,2.8,0.0
22:33,0.0,0.0,9.8,9.8,0.0,0.0,9.8,0.0,0.0,22.2,1,0.75,HIBRIDO,7.0,2.8,0.0
22:34,0.0,0.0,9.8,9.8,0.0,0.0,9.8,0.0,0.0,22.2,1,0.75,HIBRIDO,7.0,2.8,0.0
22:35,0.0,0.0,9.8,9.8,0.0,0.0,9.8,0.0,0.0,22.2,1,0.75,HIBRIDO,7.0,2.8,0.0
22:36,0.0,0.0,9.8,9.8,0.0,0.0,9.8,0.0,0.0,22.2,1,0.75,HIBRIDO,7.0,2.8,0.0
22:37,0.0,0.0,9.8,9.8,0.0,0.0,9.8,0.0,0.0,22.2,1,0.75,HIBRIDO,7.0,2.8,0.0
22:38,0.0,0.0,9.8,9.8,0.0,0.0,9.8,0.0,0.0,22.2,1,0.75,HIBRIDO,7.0,2.8,0.0
22:39,0.0,0.0,9.8,9.8,0.0,0.0,9.8,0.0,0.0,22.2,1,0.75,HIBRIDO,7.0,2.8,0.0
22:40,0.0,0.0,9.8,9.8,0.0,0.0,9.8,0.0,0.0,22.2,1,0.75,HIBRIDO,7.0,2.8,0.0
22:41,0.0,0.0,9.8,9.8,0.0,0.0,9.8,0.0,0.0,22.2,1,0.75,HIBRIDO,7.0,2.8,0.0
22:42,0.0,0.0,9.8,9.8,0.0,0.0,9.8,0.0,0.0,22.2,1,0.75,HIBRIDO,7.0,2.8,0.0
22:43,0.0,0.0,9.8,9.8,0.0,0.0,9.8,0.0,0.0,22.2,1,0.75,HIBRIDO,7.0,2.8,0.0
22:44,0.0,0.0,9.8,9.8,0.0,0.0,9.8,0.0,0.0,22.2,1,0.75,HIBRIDO,7.0,2.8,0.0
22:45,0.0,0.0,9.8,9.8,0.0,0.0,9.8,0.0,0.0,22.2,1,0.75,HIBRIDO,7.0,2.8,0.0
22:46,0.0,0.0,9.8,9.8,0.0,0.0,9.8,0.0,0.0,22.2,1,0.75,HIBRIDO,7.0,2.8,0.0
22:47,0.0,0.0,9.8,9.8,0.0,0.0,9.8,0.0,0.0,22.2,1,0.75,HIBRIDO,7.0,2.8,0.0
22:48,0.0,0.0,9.8,9.8,0.0,0.0,9.8,0.0,0.0,22.2,1,0.75,HIBRIDO,7.0,2.8,0.0
22:49,0.0,0.0,9.8,9.8,0.0,0.0,9.8,0.0,0.0,22.2,1,0.75,HIBRIDO,7.0,2.8,0.0
22:50,0.0,0.0,9.8,9.8,0.0,0.0,9.8,0.0,0.0,22.2,1,0.75,HIBRIDO,7.0,2.8,0.0
22:51,0.0,0.0,9.8,9.8,0.0,0.0,9.8,0.0,0.0,22.2,1,0.75,HIBRIDO,7.0,2.8,0.0
22:52,0.0,0.0,9.8,9.8,0.0,0.0,9.8,0.0,0.0,22.2,1,0.75,HIBRIDO,7.0,2.8,0.0
22:53,0.0,0.0,9.8,9.8,0.0,0.0,9.8,0.0,0.0,22.2,1,0.75,HIBRIDO,7.0,2.8,0.0
22:54,0.0,0.0,9.8,9.8,0.0,0.0,9.8,0.0,0.0,22.2,1,0.75,HIBRIDO,7.0,2.8,0.0
22:55,0.0,0.0,9.8,9.8,0.0,0.0,9.8,0.0,0.0,22.2,1,0.75,HIBRIDO,7.0,2.8,0.0
22:56,0.0,0.0,9.8,9.8,0.0,0.0,9.8,0.0,0.0,22.2,1,0.75,HIBRIDO,7.0,2.8,0.0
22:57,0.0,0.0,9.8,9.8,0.0,0.0,9.8,0.0,0.0,22.2,1,0.75,HIBRIDO,7.0,2.8,0.0
22:58,0.0,0.0,9.8,9.8,0.0,0.0,9.8,0.0,0.0,22.2,1,0.75,HIBRIDO,7.0,2.8,0.0
22:59,0.0,0.0,9.8,9.8,0.0,0.0,9.8,0.0,0.0,22.2,1,0.75,HIBRIDO,7.0,2.8,0.0
23:00,0.0,0.0,9.8,9.8,0.0,0.0,9.8,0.0,0.0,22.2,1,0.75,HIBRIDO,7.0,2.8,0.0
23:01,0.0,0.0,9.8,9.8,0.0,0.0,9.8,0.0,0.0,22.2,1,0.75,HIBRIDO,7.0,2.8,0.0
23:02,0.0,0.0,9.8,9.8,0.0,0.0,9.8,0.0,0.0,22.2,1,0.75,HIBRIDO,7.0,2.8,0.0
23:03,0.0,0.0,9.8,9.8,0.0,0.0,9.8,0.0,0.0,22.2,1,0.75,HIBRIDO,7.0,2.8,0.0
23:04,0.0,0.0,9.8,9.8,0.0,0.0,9.8,0.0,0.0,22.2,1,0.75,HIBRIDO,7.0,2.8,0.0
23:05,0.0,0.0,9.8,9.8,0.0,0.0,9.8,0.0,0.0,22.2,1,0.75,HIBRIDO,7.0,2.8,0.0
23:06,0.0,0.0,9.8,9.8,0.0,0.0,9.8,0.0,0.0,22.2,1,0.75,HIBRIDO,7.0,2.8,0.0
23:07,0.0,0.0,9.8,9.8,0.0,0.0,9.8,0.0,0.0,22.2,1,0.75,HIBRIDO,7.0,2.8,0.0
23:08,0.0,0.0,2.8,2.8,0.0,0.0,2.8,0.0,0.0,22.2,1,0.75,HIBRIDO,0.0,2.8,0.0
23:09,0.0,0.0,2.8,2.8,0.0,0.0,2.8,0.0,0.0,22.2,1,0.75,HIBRIDO,0.0,2.8,0.0
23:10,0.0,0.0,2.8,2.8,0.0,0.0,2.8,0.0,0.0,22.2,1,0.75,HIBRIDO,0.0,2.8,0.0
23:11,0.0,0.0,2.8,2.8,0.0,0.0,2.8,0.0,0.0,22.2,1,0.75,HIBRIDO,0.0,2.8,0.0
23:12,0.0,0.0,2.8,2.8,0.0,0.0,2.8,0.0,0.0,22.2,1,0.75,HIBRIDO,0.0,2.8,0.0
23:13,0.0,0.0,2.8,2.8,0.0,0.0,2.8,0.0,0.0,22.2,1,0.75,HIBRIDO,0.0,2.8,0.0
23:14,0.0,0.0,2.8,2.8,0.0,0.0,2.8,0.0,0.0,22.2,1,0.75,HIBRIDO,0.0,2.8,0.0
23:15,0.0,0.0,2.8,2.8,0.0,0.0,2.8,0.0,0.0,22.2,1,0.75,HIBRIDO,0.0,2.8,0.0
23:16,0.0,0.0,2.8,2.8,0.0,0.0,2.8,0.0,0.0,22.2,1,0.75,HIBRIDO,0.0,2.8,0.0
23:17,0.0,0.0,2.8,2.8,0.0,0.0,2.8,0.0,0.0,22.2,1,0.75,HIBRIDO,0.0,2.8,0.0
23:18,0.0,0.0,2.8,2.8,0.0,0.0,2.8,0.0,0.0,22.2,1,0.75,HIBRIDO,0.0,2.8,0.0
23:19,0.0,0.0,2.8,2.8,0.0,0.0,2.8,0.0,0.0,22.2,1,0.75,HIBRIDO,0.0,2.8,0.0
23:20,0.0,0.0,2.8,2.8,0.0,0.0,2.8,0.0,0.0,22.2,1,0.75,HIBRIDO,0.0,2.8,0.0
23:21,0.0,0.0,2.8,2.8,0.0,0.0,2.8,0.0,0.0,22.2,1,0.75,HIBRIDO,0.0,2.8,0.0
23:22,0.0,0.0,2.8,2.8,0.0,0.0,2.8,0.0,0.0,22.2,1,0.75,HIBRIDO,0.0,2.8,0.0
23:23,0.0,0.0,2.8,2.8,0.0,0.0,2.8,0.0,0.0,22.2,1,0.75,HIBRIDO,0.0,2.8,0.0
23:24,0.0,0.0,2.8,2.8,0.0,0.0,2.8,0.0,0.0,22.2,1,0.75,HIBRIDO,0.0,2.8,0.0
23:25,0.0,0.0,2.8,2.8,0.0,0.0,2.8,0.0,0.0,22.2,1,0.75,HIBRIDO,0.0,2.8,0.0
23:26,0.0,0.0,2.8,2.8,0.0,0.0,2.8,0.0,0.0,22.2,1,0.75,HIBRIDO,0.0,2.8,0.0
23:27,0.0,0.0,2.8,2.8,0.0,0.0,2.8,0.0,0.0,22.2,1,0.75,HIBRIDO,0.0,2.8,0.0
23:28,0.0,0.0,2.8,2.8,0.0,0.0,2.8,0.0,0.0,22.2,1,0.75,HIBRIDO,0.0,2.8,0.0
23:29,0.0,0.0,2.8,2.8,0.0,0.0,2.8,0.0,0.0,22.2,1,0.75,HIBRIDO,0.0,2.8,0.0
23:30,0.0,0.0,2.8,2.8,0.0,0.0,2.8,0.0,0.0,22.2,1,0.75,HIBRIDO,0.0,2.8,0.0
23:31,0.0,0.0,2.8,2.8,0.0,0.0,2.8,0.0,0.0,22.2,1,0.75,HIBRIDO,0.0,2.8,0.0
23:32,0.0,0.0,2.8,2.8,0.0,0.0,2.8,0.0,0.0,22.2,1,0.75,HIBRIDO,0.0,2.8,0.0
23:33,0.0,0.0,2.8,2.8,0.0,0.0,2.8,0.0,0.0,22.2,1,0.75,HIBRIDO,0.0,2.8,0.0
23:34,0.0,0.0,2.8,2.8,0.0,0.0,2.8,0.0,0.0,22.2,1,0.75,HIBRIDO,0.0,2.8,0.0
23:35,0.0,0.0,2.8,2.8,0.0,0.0,2.8,0.0,0.0,22.2,1,0.75,HIBRIDO,0.0,2.8,0.0
23:36,0.0,0.0,2.8,2.8,0.0,0.0,2.8,0.0,0.0,22.2,1,0.75,HIBRIDO,0.0,2.8,0.0
23:37,0.0,0.0,2.8,2.8,0.0,0.0,2.8,0.0,0.0,22.2,1,0.75,HIBRIDO,0.0,2.8,0.0
23:38,0.0,0.0,2.8,2.8,0.0,0.0,2.8,0.0,0.0,22.2,1,0.75,HIBRIDO,0.0,2.8,0.0
23:39,0.0,0.0,2.8,2.8,0.0,0.0,2.8,0.0,0.0,22.2,1,0.75,HIBRIDO,0.0,2.8,0.0
23:40,0.0,0.0,2.8,2.8,0.0,0.0,2.8,0.0,0.0,22.2,1,0.75,HIBRIDO,0.0,2.8,0.0
23:41,0.0,0.0,2.8,2.8,0.0,0.0,2.8,0.0,0.0,22.2,1,0.75,HIBRIDO,0.0,2.8,0.0
23:42,0.0,0.0,2.8,2.8,0.0,0.0,2.8,0.0,0.0,22.2,1,0.75,HIBRIDO,0.0,2.8,0.0
23:43,0.0,0.0,2.8,2.8,0.0,0.0,2.8,0.0,0.0,22.2,1,0.75,HIBRIDO,0.0,2.8,0.0
23:44,0.0,0.0,2.8,2.8,0.0,0.0,2.8,0.0,0.0,22.2,1,0.75,HIBRIDO,0.0,2.8,0.0
23:45,0.0,0.0,2.8,2.8,0.0,0.0,2.8,0.0,0.0,22.2,1,0.75,HIBRIDO,0.0,2.8,0.0
23:46,0.0,0.0,2.8,2.8,0.0,0.0,2.8,0.0,0.0,22.2,1,0.75,HIBRIDO,0.0,2.8,0.0
23:47,0.0,0.0,2.8,2.8,0.0,0.0,2.8,0.0,0.0,22.2,1,0.75,HIBRIDO,0.0,2.8,0.0
23:48,0.0,0.0,2.8,2.8,0.0,0.0,2.8,0.0,0.0,22.2,1,0.75,HIBRIDO,0.0,2.8,0.0
23:49,0.0,0.0,2.8,2.8,0.0,0.0,2.8,0.0,0.0,22.2,1,0.75,HIBRIDO,0.0,2.8,0.0
23:50,0.0,0.0,2.8,2.8,0.0,0.0,2.8,0.0,0.0,22.2,1,0.75,HIBRIDO,0.0,2.8,0.0
23:51,0.0,0.0,2.8,2.8,0.0,0.0,2.8,0.0,0.0,22.2,1,0.75,HIBRIDO,0.0,2.8,0.0
23:52,0.0,0.0,2.8,2.8,0.0,0.0,2.8,0.0,0.0,22.2,1,0.75,HIBRIDO,0.0,2.8,0.0
23:53,0.0,0.0,2.8,2.8,0.0,0.0,2.8,0.0,0.0,22.2,1,0.75,HIBRIDO,0.0,2.8,0.0
23:54,0.0,0.0,2.8,2.8,0.0,0.0,2.8,0.0,0.0,22.2,1,0.75,HIBRIDO,0.0,2.8,0.0
23:55,0.0,0.0,2.8,2.8,0.0,0.0,2.8,0.0,0.0,22.2,1,0.75,HIBRIDO,0.0,2.8,0.0
23:56,0.0,0.0,2.8,2.8,0.0,0.0,2.8,0.0,0.0,22.2,1,0.75,HIBRIDO,0.0,2.8,0.0
23:57,0.0,0.0,2.8,2.8,0.0,0.0,2.8,0.0,0.0,22.2,1,0.75,HIBRIDO,0.0,2.8,0.0
23:58,0.0,0.0,2.8,2.8,0.0,0.0,2.8,0.0,0.0,22.2,1,0.75,HIBRIDO,0.0,2.8,0.0
23:59,0.0,0.0,2.8,2.8,0.0,0.0,2.8,0.0,0.0,22.2,1,0.75,HIBRIDO,0.0,2.8,0.0
